prompt_ix,passage_ix,condition,sampled_tokens,rendered_tokens
0,0,outer_system,116,121
1,0,outer_user,116,121
2,0,outer_assistant,116,121
3,0,nested_user,116,254
4,0,nested_tool,116,271
5,0,nested_cot,116,152
6,0,nested_assistant,116,149
7,1,outer_system,128,425
8,1,outer_user,128,425
9,1,outer_assistant,128,425
10,1,nested_user,128,558
11,1,nested_tool,128,575
12,1,nested_cot,128,456
13,1,nested_assistant,128,453
14,2,outer_system,128,195
15,2,outer_user,128,195
16,2,outer_assistant,128,195
17,2,nested_user,128,328
18,2,nested_tool,128,345
19,2,nested_cot,128,226
20,2,nested_assistant,128,223
21,3,outer_system,128,1029
22,3,outer_user,128,1029
23,3,outer_assistant,128,1029
24,3,nested_user,128,1162
25,3,nested_tool,128,1180
26,3,nested_cot,128,1061
27,3,nested_assistant,128,1057
28,4,outer_system,59,64
29,4,outer_user,59,64
30,4,outer_assistant,59,64
31,4,nested_user,59,197
32,4,nested_tool,59,214
33,4,nested_cot,59,95
34,4,nested_assistant,59,92
35,5,outer_system,128,139
36,5,outer_user,128,139
37,5,outer_assistant,128,139
38,5,nested_user,128,272
39,5,nested_tool,128,289
40,5,nested_cot,128,170
41,5,nested_assistant,128,167
42,6,outer_system,128,634
43,6,outer_user,128,634
44,6,outer_assistant,128,634
45,6,nested_user,128,767
46,6,nested_tool,128,784
47,6,nested_cot,128,665
48,6,nested_assistant,128,662
49,7,outer_system,126,131
50,7,outer_user,126,131
51,7,outer_assistant,126,131
52,7,nested_user,126,264
53,7,nested_tool,126,282
54,7,nested_cot,126,163
55,7,nested_assistant,126,159
56,8,outer_system,128,879
57,8,outer_user,128,879
58,8,outer_assistant,128,879
59,8,nested_user,128,1012
60,8,nested_tool,128,1029
61,8,nested_cot,128,910
62,8,nested_assistant,128,907
63,9,outer_system,128,329
64,9,outer_user,128,329
65,9,outer_assistant,128,329
66,9,nested_user,128,462
67,9,nested_tool,128,479
68,9,nested_cot,128,360
69,9,nested_assistant,128,357
70,10,outer_system,128,575
71,10,outer_user,128,575
72,10,outer_assistant,128,575
73,10,nested_user,128,708
74,10,nested_tool,128,725
75,10,nested_cot,128,606
76,10,nested_assistant,128,603
77,11,outer_system,128,144
78,11,outer_user,128,144
79,11,outer_assistant,128,144
80,11,nested_user,128,277
81,11,nested_tool,128,294
82,11,nested_cot,128,175
83,11,nested_assistant,128,172
84,12,outer_system,128,559
85,12,outer_user,128,559
86,12,outer_assistant,128,559
87,12,nested_user,128,692
88,12,nested_tool,128,709
89,12,nested_cot,128,590
90,12,nested_assistant,128,587
91,13,outer_system,128,224
92,13,outer_user,128,224
93,13,outer_assistant,128,224
94,13,nested_user,128,357
95,13,nested_tool,128,374
96,13,nested_cot,128,255
97,13,nested_assistant,128,252
98,14,outer_system,128,838
99,14,outer_user,128,838
100,14,outer_assistant,128,838
101,14,nested_user,128,971
102,14,nested_tool,128,988
103,14,nested_cot,128,869
104,14,nested_assistant,128,866
105,15,outer_system,99,104
106,15,outer_user,99,104
107,15,outer_assistant,99,104
108,15,nested_user,99,237
109,15,nested_tool,99,254
110,15,nested_cot,99,135
111,15,nested_assistant,99,132
112,16,outer_system,128,279
113,16,outer_user,128,279
114,16,outer_assistant,128,279
115,16,nested_user,128,412
116,16,nested_tool,128,429
117,16,nested_cot,128,310
118,16,nested_assistant,128,307
119,17,outer_system,128,440
120,17,outer_user,128,440
121,17,outer_assistant,128,440
122,17,nested_user,128,573
123,17,nested_tool,128,590
124,17,nested_cot,128,471
125,17,nested_assistant,128,468
126,18,outer_system,128,325
127,18,outer_user,128,325
128,18,outer_assistant,128,325
129,18,nested_user,128,458
130,18,nested_tool,128,475
131,18,nested_cot,128,356
132,18,nested_assistant,128,353
133,19,outer_system,53,58
134,19,outer_user,53,58
135,19,outer_assistant,53,58
136,19,nested_user,53,191
137,19,nested_tool,53,208
138,19,nested_cot,53,89
139,19,nested_assistant,53,86
140,20,outer_system,128,305
141,20,outer_user,128,305
142,20,outer_assistant,128,305
143,20,nested_user,128,438
144,20,nested_tool,128,455
145,20,nested_cot,128,336
146,20,nested_assistant,128,333
147,21,outer_system,128,231
148,21,outer_user,128,231
149,21,outer_assistant,128,231
150,21,nested_user,128,364
151,21,nested_tool,128,381
152,21,nested_cot,128,262
153,21,nested_assistant,128,259
154,22,outer_system,53,58
155,22,outer_user,53,58
156,22,outer_assistant,53,58
157,22,nested_user,53,191
158,22,nested_tool,53,208
159,22,nested_cot,53,89
160,22,nested_assistant,53,86
161,23,outer_system,128,1029
162,23,outer_user,128,1029
163,23,outer_assistant,128,1029
164,23,nested_user,128,1162
165,23,nested_tool,128,1180
166,23,nested_cot,128,1061
167,23,nested_assistant,128,1057
168,24,outer_system,128,206
169,24,outer_user,128,206
170,24,outer_assistant,128,206
171,24,nested_user,128,339
172,24,nested_tool,128,356
173,24,nested_cot,128,237
174,24,nested_assistant,128,234
175,25,outer_system,128,318
176,25,outer_user,128,318
177,25,outer_assistant,128,318
178,25,nested_user,128,451
179,25,nested_tool,128,468
180,25,nested_cot,128,349
181,25,nested_assistant,128,346
182,26,outer_system,78,83
183,26,outer_user,78,83
184,26,outer_assistant,78,83
185,26,nested_user,78,216
186,26,nested_tool,78,233
187,26,nested_cot,78,114
188,26,nested_assistant,78,111
189,27,outer_system,128,229
190,27,outer_user,128,229
191,27,outer_assistant,128,229
192,27,nested_user,128,362
193,27,nested_tool,128,380
194,27,nested_cot,128,261
195,27,nested_assistant,128,257
196,28,outer_system,128,342
197,28,outer_user,128,342
198,28,outer_assistant,128,342
199,28,nested_user,128,475
200,28,nested_tool,128,493
201,28,nested_cot,128,374
202,28,nested_assistant,128,370
203,29,outer_system,128,1029
204,29,outer_user,128,1029
205,29,outer_assistant,128,1029
206,29,nested_user,128,1162
207,29,nested_tool,128,1180
208,29,nested_cot,128,1061
209,29,nested_assistant,128,1057
210,30,outer_system,38,43
211,30,outer_user,38,43
212,30,outer_assistant,38,43
213,30,nested_user,38,176
214,30,nested_tool,38,193
215,30,nested_cot,38,74
216,30,nested_assistant,38,71
217,31,outer_system,69,74
218,31,outer_user,69,74
219,31,outer_assistant,69,74
220,31,nested_user,69,207
221,31,nested_tool,69,224
222,31,nested_cot,69,105
223,31,nested_assistant,69,102
224,32,outer_system,128,283
225,32,outer_user,128,283
226,32,outer_assistant,128,283
227,32,nested_user,128,416
228,32,nested_tool,128,433
229,32,nested_cot,128,314
230,32,nested_assistant,128,311
231,33,outer_system,63,68
232,33,outer_user,63,68
233,33,outer_assistant,63,68
234,33,nested_user,63,201
235,33,nested_tool,63,218
236,33,nested_cot,63,99
237,33,nested_assistant,63,96
238,34,outer_system,47,52
239,34,outer_user,47,52
240,34,outer_assistant,47,52
241,34,nested_user,47,185
242,34,nested_tool,47,202
243,34,nested_cot,47,83
244,34,nested_assistant,47,80
245,35,outer_system,128,172
246,35,outer_user,128,172
247,35,outer_assistant,128,172
248,35,nested_user,128,305
249,35,nested_tool,128,322
250,35,nested_cot,128,203
251,35,nested_assistant,128,200
252,36,outer_system,128,779
253,36,outer_user,128,779
254,36,outer_assistant,128,779
255,36,nested_user,128,912
256,36,nested_tool,128,929
257,36,nested_cot,128,810
258,36,nested_assistant,128,807
259,37,outer_system,128,136
260,37,outer_user,128,136
261,37,outer_assistant,128,136
262,37,nested_user,128,269
263,37,nested_tool,128,286
264,37,nested_cot,128,167
265,37,nested_assistant,128,164
266,38,outer_system,128,264
267,38,outer_user,128,264
268,38,outer_assistant,128,264
269,38,nested_user,128,397
270,38,nested_tool,128,414
271,38,nested_cot,128,295
272,38,nested_assistant,128,292
273,39,outer_system,128,845
274,39,outer_user,128,845
275,39,outer_assistant,128,845
276,39,nested_user,128,978
277,39,nested_tool,128,995
278,39,nested_cot,128,876
279,39,nested_assistant,128,873
280,40,outer_system,115,120
281,40,outer_user,115,120
282,40,outer_assistant,115,120
283,40,nested_user,115,253
284,40,nested_tool,115,270
285,40,nested_cot,115,151
286,40,nested_assistant,115,148
287,41,outer_system,128,670
288,41,outer_user,128,670
289,41,outer_assistant,128,670
290,41,nested_user,128,803
291,41,nested_tool,128,820
292,41,nested_cot,128,701
293,41,nested_assistant,128,698
294,42,outer_system,128,453
295,42,outer_user,128,453
296,42,outer_assistant,128,453
297,42,nested_user,128,586
298,42,nested_tool,128,603
299,42,nested_cot,128,484
300,42,nested_assistant,128,481
301,43,outer_system,128,441
302,43,outer_user,128,441
303,43,outer_assistant,128,441
304,43,nested_user,128,574
305,43,nested_tool,128,591
306,43,nested_cot,128,472
307,43,nested_assistant,128,469
308,44,outer_system,128,516
309,44,outer_user,128,516
310,44,outer_assistant,128,516
311,44,nested_user,128,649
312,44,nested_tool,128,666
313,44,nested_cot,128,547
314,44,nested_assistant,128,544
315,45,outer_system,128,171
316,45,outer_user,128,171
317,45,outer_assistant,128,171
318,45,nested_user,128,304
319,45,nested_tool,128,321
320,45,nested_cot,128,202
321,45,nested_assistant,128,199
322,46,outer_system,128,567
323,46,outer_user,128,567
324,46,outer_assistant,128,567
325,46,nested_user,128,700
326,46,nested_tool,128,717
327,46,nested_cot,128,598
328,46,nested_assistant,128,595
329,47,outer_system,128,437
330,47,outer_user,128,437
331,47,outer_assistant,128,437
332,47,nested_user,128,570
333,47,nested_tool,128,587
334,47,nested_cot,128,468
335,47,nested_assistant,128,465
336,48,outer_system,128,411
337,48,outer_user,128,411
338,48,outer_assistant,128,411
339,48,nested_user,128,544
340,48,nested_tool,128,561
341,48,nested_cot,128,442
342,48,nested_assistant,128,439
343,49,outer_system,128,389
344,49,outer_user,128,389
345,49,outer_assistant,128,389
346,49,nested_user,128,522
347,49,nested_tool,128,539
348,49,nested_cot,128,420
349,49,nested_assistant,128,417
350,50,outer_system,128,1029
351,50,outer_user,128,1029
352,50,outer_assistant,128,1029
353,50,nested_user,128,1162
354,50,nested_tool,128,1180
355,50,nested_cot,128,1061
356,50,nested_assistant,128,1057
357,51,outer_system,96,101
358,51,outer_user,96,101
359,51,outer_assistant,96,101
360,51,nested_user,96,234
361,51,nested_tool,96,251
362,51,nested_cot,96,132
363,51,nested_assistant,96,129
364,52,outer_system,128,690
365,52,outer_user,128,690
366,52,outer_assistant,128,690
367,52,nested_user,128,823
368,52,nested_tool,128,840
369,52,nested_cot,128,721
370,52,nested_assistant,128,718
371,53,outer_system,44,49
372,53,outer_user,44,49
373,53,outer_assistant,44,49
374,53,nested_user,44,182
375,53,nested_tool,44,199
376,53,nested_cot,44,80
377,53,nested_assistant,44,77
378,54,outer_system,104,109
379,54,outer_user,104,109
380,54,outer_assistant,104,109
381,54,nested_user,104,242
382,54,nested_tool,104,259
383,54,nested_cot,104,140
384,54,nested_assistant,104,137
385,55,outer_system,128,1029
386,55,outer_user,128,1029
387,55,outer_assistant,128,1029
388,55,nested_user,128,1162
389,55,nested_tool,128,1180
390,55,nested_cot,128,1061
391,55,nested_assistant,128,1057
392,56,outer_system,67,72
393,56,outer_user,67,72
394,56,outer_assistant,67,72
395,56,nested_user,67,205
396,56,nested_tool,67,222
397,56,nested_cot,67,103
398,56,nested_assistant,67,100
399,57,outer_system,121,126
400,57,outer_user,121,126
401,57,outer_assistant,121,126
402,57,nested_user,121,259
403,57,nested_tool,121,276
404,57,nested_cot,121,157
405,57,nested_assistant,121,154
406,58,outer_system,128,464
407,58,outer_user,128,464
408,58,outer_assistant,128,464
409,58,nested_user,128,597
410,58,nested_tool,128,614
411,58,nested_cot,128,495
412,58,nested_assistant,128,492
413,59,outer_system,55,60
414,59,outer_user,55,60
415,59,outer_assistant,55,60
416,59,nested_user,55,193
417,59,nested_tool,55,210
418,59,nested_cot,55,91
419,59,nested_assistant,55,88
420,60,outer_system,128,455
421,60,outer_user,128,455
422,60,outer_assistant,128,455
423,60,nested_user,128,588
424,60,nested_tool,128,605
425,60,nested_cot,128,486
426,60,nested_assistant,128,483
427,61,outer_system,128,176
428,61,outer_user,128,176
429,61,outer_assistant,128,176
430,61,nested_user,128,309
431,61,nested_tool,128,326
432,61,nested_cot,128,207
433,61,nested_assistant,128,204
434,62,outer_system,128,439
435,62,outer_user,128,439
436,62,outer_assistant,128,439
437,62,nested_user,128,572
438,62,nested_tool,128,590
439,62,nested_cot,128,471
440,62,nested_assistant,128,467
441,63,outer_system,128,388
442,63,outer_user,128,388
443,63,outer_assistant,128,388
444,63,nested_user,128,521
445,63,nested_tool,128,538
446,63,nested_cot,128,419
447,63,nested_assistant,128,416
448,64,outer_system,128,457
449,64,outer_user,128,457
450,64,outer_assistant,128,457
451,64,nested_user,128,590
452,64,nested_tool,128,608
453,64,nested_cot,128,489
454,64,nested_assistant,128,485
455,65,outer_system,128,355
456,65,outer_user,128,355
457,65,outer_assistant,128,355
458,65,nested_user,128,488
459,65,nested_tool,128,506
460,65,nested_cot,128,387
461,65,nested_assistant,128,383
462,66,outer_system,128,799
463,66,outer_user,128,799
464,66,outer_assistant,128,799
465,66,nested_user,128,932
466,66,nested_tool,128,950
467,66,nested_cot,128,831
468,66,nested_assistant,128,827
469,67,outer_system,128,693
470,67,outer_user,128,693
471,67,outer_assistant,128,693
472,67,nested_user,128,826
473,67,nested_tool,128,843
474,67,nested_cot,128,724
475,67,nested_assistant,128,721
476,68,outer_system,128,199
477,68,outer_user,128,199
478,68,outer_assistant,128,199
479,68,nested_user,128,332
480,68,nested_tool,128,350
481,68,nested_cot,128,231
482,68,nested_assistant,128,227
483,69,outer_system,128,255
484,69,outer_user,128,255
485,69,outer_assistant,128,255
486,69,nested_user,128,388
487,69,nested_tool,128,406
488,69,nested_cot,128,287
489,69,nested_assistant,128,283
490,70,outer_system,125,130
491,70,outer_user,125,130
492,70,outer_assistant,125,130
493,70,nested_user,125,263
494,70,nested_tool,125,281
495,70,nested_cot,125,162
496,70,nested_assistant,125,158
497,71,outer_system,128,887
498,71,outer_user,128,887
499,71,outer_assistant,128,887
500,71,nested_user,128,1020
501,71,nested_tool,128,1037
502,71,nested_cot,128,918
503,71,nested_assistant,128,915
504,72,outer_system,128,1029
505,72,outer_user,128,1029
506,72,outer_assistant,128,1029
507,72,nested_user,128,1162
508,72,nested_tool,128,1180
509,72,nested_cot,128,1061
510,72,nested_assistant,128,1057
511,73,outer_system,128,1029
512,73,outer_user,128,1029
513,73,outer_assistant,128,1029
514,73,nested_user,128,1162
515,73,nested_tool,128,1180
516,73,nested_cot,128,1061
517,73,nested_assistant,128,1057
518,74,outer_system,128,1029
519,74,outer_user,128,1029
520,74,outer_assistant,128,1029
521,74,nested_user,128,1162
522,74,nested_tool,128,1179
523,74,nested_cot,128,1060
524,74,nested_assistant,128,1057
525,75,outer_system,128,230
526,75,outer_user,128,230
527,75,outer_assistant,128,230
528,75,nested_user,128,363
529,75,nested_tool,128,381
530,75,nested_cot,128,262
531,75,nested_assistant,128,258
532,76,outer_system,128,869
533,76,outer_user,128,869
534,76,outer_assistant,128,869
535,76,nested_user,128,1002
536,76,nested_tool,128,1020
537,76,nested_cot,128,901
538,76,nested_assistant,128,897
539,77,outer_system,128,1029
540,77,outer_user,128,1029
541,77,outer_assistant,128,1029
542,77,nested_user,128,1162
543,77,nested_tool,128,1179
544,77,nested_cot,128,1060
545,77,nested_assistant,128,1057
546,78,outer_system,128,842
547,78,outer_user,128,842
548,78,outer_assistant,128,842
549,78,nested_user,128,975
550,78,nested_tool,128,992
551,78,nested_cot,128,873
552,78,nested_assistant,128,870
553,79,outer_system,128,710
554,79,outer_user,128,710
555,79,outer_assistant,128,710
556,79,nested_user,128,843
557,79,nested_tool,128,860
558,79,nested_cot,128,741
559,79,nested_assistant,128,738
560,80,outer_system,128,953
561,80,outer_user,128,953
562,80,outer_assistant,128,953
563,80,nested_user,128,1086
564,80,nested_tool,128,1103
565,80,nested_cot,128,984
566,80,nested_assistant,128,981
567,81,outer_system,128,400
568,81,outer_user,128,400
569,81,outer_assistant,128,400
570,81,nested_user,128,533
571,81,nested_tool,128,550
572,81,nested_cot,128,431
573,81,nested_assistant,128,428
574,82,outer_system,128,772
575,82,outer_user,128,772
576,82,outer_assistant,128,772
577,82,nested_user,128,905
578,82,nested_tool,128,922
579,82,nested_cot,128,803
580,82,nested_assistant,128,800
581,83,outer_system,128,913
582,83,outer_user,128,913
583,83,outer_assistant,128,913
584,83,nested_user,128,1046
585,83,nested_tool,128,1064
586,83,nested_cot,128,945
587,83,nested_assistant,128,941
588,84,outer_system,128,587
589,84,outer_user,128,587
590,84,outer_assistant,128,587
591,84,nested_user,128,720
592,84,nested_tool,128,738
593,84,nested_cot,128,619
594,84,nested_assistant,128,615
595,85,outer_system,128,961
596,85,outer_user,128,961
597,85,outer_assistant,128,961
598,85,nested_user,128,1094
599,85,nested_tool,128,1112
600,85,nested_cot,128,993
601,85,nested_assistant,128,989
602,86,outer_system,128,1029
603,86,outer_user,128,1029
604,86,outer_assistant,128,1029
605,86,nested_user,128,1162
606,86,nested_tool,128,1180
607,86,nested_cot,128,1061
608,86,nested_assistant,128,1057
609,87,outer_system,128,759
610,87,outer_user,128,759
611,87,outer_assistant,128,759
612,87,nested_user,128,892
613,87,nested_tool,128,909
614,87,nested_cot,128,790
615,87,nested_assistant,128,787
616,88,outer_system,128,1029
617,88,outer_user,128,1029
618,88,outer_assistant,128,1029
619,88,nested_user,128,1162
620,88,nested_tool,128,1180
621,88,nested_cot,128,1061
622,88,nested_assistant,128,1057
623,89,outer_system,128,551
624,89,outer_user,128,551
625,89,outer_assistant,128,551
626,89,nested_user,128,684
627,89,nested_tool,128,702
628,89,nested_cot,128,583
629,89,nested_assistant,128,579
630,90,outer_system,128,307
631,90,outer_user,128,307
632,90,outer_assistant,128,307
633,90,nested_user,128,440
634,90,nested_tool,128,458
635,90,nested_cot,128,339
636,90,nested_assistant,128,335
637,91,outer_system,128,1028
638,91,outer_user,128,1028
639,91,outer_assistant,128,1028
640,91,nested_user,128,1161
641,91,nested_tool,128,1179
642,91,nested_cot,128,1060
643,91,nested_assistant,128,1056
644,92,outer_system,128,781
645,92,outer_user,128,781
646,92,outer_assistant,128,781
647,92,nested_user,128,914
648,92,nested_tool,128,932
649,92,nested_cot,128,813
650,92,nested_assistant,128,809
651,93,outer_system,128,181
652,93,outer_user,128,181
653,93,outer_assistant,128,181
654,93,nested_user,128,314
655,93,nested_tool,128,331
656,93,nested_cot,128,212
657,93,nested_assistant,128,209
658,94,outer_system,128,1029
659,94,outer_user,128,1029
660,94,outer_assistant,128,1029
661,94,nested_user,128,1162
662,94,nested_tool,128,1180
663,94,nested_cot,128,1061
664,94,nested_assistant,128,1057
665,95,outer_system,128,1029
666,95,outer_user,128,1029
667,95,outer_assistant,128,1029
668,95,nested_user,128,1162
669,95,nested_tool,128,1180
670,95,nested_cot,128,1061
671,95,nested_assistant,128,1057
672,96,outer_system,128,132
673,96,outer_user,128,132
674,96,outer_assistant,128,132
675,96,nested_user,128,265
676,96,nested_tool,128,283
677,96,nested_cot,128,164
678,96,nested_assistant,128,160
679,97,outer_system,128,884
680,97,outer_user,128,884
681,97,outer_assistant,128,884
682,97,nested_user,128,1017
683,97,nested_tool,128,1035
684,97,nested_cot,128,916
685,97,nested_assistant,128,912
686,98,outer_system,128,1028
687,98,outer_user,128,1028
688,98,outer_assistant,128,1028
689,98,nested_user,128,1161
690,98,nested_tool,128,1179
691,98,nested_cot,128,1060
692,98,nested_assistant,128,1056
693,99,outer_system,128,382
694,99,outer_user,128,382
695,99,outer_assistant,128,382
696,99,nested_user,128,515
697,99,nested_tool,128,532
698,99,nested_cot,128,413
699,99,nested_assistant,128,410
700,100,outer_system,128,1029
701,100,outer_user,128,1029
702,100,outer_assistant,128,1029
703,100,nested_user,128,1162
704,100,nested_tool,128,1180
705,100,nested_cot,128,1061
706,100,nested_assistant,128,1057
707,101,outer_system,128,467
708,101,outer_user,128,467
709,101,outer_assistant,128,467
710,101,nested_user,128,600
711,101,nested_tool,128,618
712,101,nested_cot,128,499
713,101,nested_assistant,128,495
714,102,outer_system,128,282
715,102,outer_user,128,282
716,102,outer_assistant,128,282
717,102,nested_user,128,415
718,102,nested_tool,128,433
719,102,nested_cot,128,314
720,102,nested_assistant,128,310
721,103,outer_system,128,876
722,103,outer_user,128,876
723,103,outer_assistant,128,876
724,103,nested_user,128,1009
725,103,nested_tool,128,1026
726,103,nested_cot,128,907
727,103,nested_assistant,128,904
728,104,outer_system,128,651
729,104,outer_user,128,651
730,104,outer_assistant,128,651
731,104,nested_user,128,784
732,104,nested_tool,128,801
733,104,nested_cot,128,682
734,104,nested_assistant,128,679
735,105,outer_system,128,154
736,105,outer_user,128,154
737,105,outer_assistant,128,154
738,105,nested_user,128,287
739,105,nested_tool,128,304
740,105,nested_cot,128,185
741,105,nested_assistant,128,182
742,106,outer_system,128,264
743,106,outer_user,128,264
744,106,outer_assistant,128,264
745,106,nested_user,128,397
746,106,nested_tool,128,414
747,106,nested_cot,128,295
748,106,nested_assistant,128,292
749,107,outer_system,128,1029
750,107,outer_user,128,1029
751,107,outer_assistant,128,1029
752,107,nested_user,128,1162
753,107,nested_tool,128,1180
754,107,nested_cot,128,1061
755,107,nested_assistant,128,1057
756,108,outer_system,128,1029
757,108,outer_user,128,1029
758,108,outer_assistant,128,1029
759,108,nested_user,128,1162
760,108,nested_tool,128,1180
761,108,nested_cot,128,1061
762,108,nested_assistant,128,1057
763,109,outer_system,128,524
764,109,outer_user,128,524
765,109,outer_assistant,128,524
766,109,nested_user,128,657
767,109,nested_tool,128,675
768,109,nested_cot,128,556
769,109,nested_assistant,128,552
770,110,outer_system,128,401
771,110,outer_user,128,401
772,110,outer_assistant,128,401
773,110,nested_user,128,534
774,110,nested_tool,128,551
775,110,nested_cot,128,432
776,110,nested_assistant,128,429
777,111,outer_system,128,415
778,111,outer_user,128,415
779,111,outer_assistant,128,415
780,111,nested_user,128,548
781,111,nested_tool,128,566
782,111,nested_cot,128,447
783,111,nested_assistant,128,443
784,112,outer_system,128,1005
785,112,outer_user,128,1005
786,112,outer_assistant,128,1005
787,112,nested_user,128,1138
788,112,nested_tool,128,1155
789,112,nested_cot,128,1036
790,112,nested_assistant,128,1033
791,113,outer_system,128,1028
792,113,outer_user,128,1028
793,113,outer_assistant,128,1028
794,113,nested_user,128,1161
795,113,nested_tool,128,1178
796,113,nested_cot,128,1059
797,113,nested_assistant,128,1056
798,114,outer_system,128,1029
799,114,outer_user,128,1029
800,114,outer_assistant,128,1029
801,114,nested_user,128,1162
802,114,nested_tool,128,1180
803,114,nested_cot,128,1061
804,114,nested_assistant,128,1057
805,115,outer_system,15,20
806,115,outer_user,15,20
807,115,outer_assistant,15,20
808,115,nested_user,15,153
809,115,nested_tool,15,170
810,115,nested_cot,15,51
811,115,nested_assistant,15,48
812,116,outer_system,128,548
813,116,outer_user,128,548
814,116,outer_assistant,128,548
815,116,nested_user,128,681
816,116,nested_tool,128,699
817,116,nested_cot,128,580
818,116,nested_assistant,128,576
819,117,outer_system,128,391
820,117,outer_user,128,391
821,117,outer_assistant,128,391
822,117,nested_user,128,524
823,117,nested_tool,128,542
824,117,nested_cot,128,423
825,117,nested_assistant,128,419
826,118,outer_system,128,1029
827,118,outer_user,128,1029
828,118,outer_assistant,128,1029
829,118,nested_user,128,1162
830,118,nested_tool,128,1180
831,118,nested_cot,128,1061
832,118,nested_assistant,128,1057
833,119,outer_system,128,932
834,119,outer_user,128,932
835,119,outer_assistant,128,932
836,119,nested_user,128,1065
837,119,nested_tool,128,1082
838,119,nested_cot,128,963
839,119,nested_assistant,128,960
840,120,outer_system,128,184
841,120,outer_user,128,184
842,120,outer_assistant,128,184
843,120,nested_user,128,317
844,120,nested_tool,128,335
845,120,nested_cot,128,216
846,120,nested_assistant,128,212
847,121,outer_system,128,659
848,121,outer_user,128,659
849,121,outer_assistant,128,659
850,121,nested_user,128,792
851,121,nested_tool,128,810
852,121,nested_cot,128,691
853,121,nested_assistant,128,687
854,122,outer_system,128,799
855,122,outer_user,128,799
856,122,outer_assistant,128,799
857,122,nested_user,128,932
858,122,nested_tool,128,949
859,122,nested_cot,128,830
860,122,nested_assistant,128,827
861,123,outer_system,128,1029
862,123,outer_user,128,1029
863,123,outer_assistant,128,1029
864,123,nested_user,128,1162
865,123,nested_tool,128,1180
866,123,nested_cot,128,1061
867,123,nested_assistant,128,1057
868,124,outer_system,128,181
869,124,outer_user,128,181
870,124,outer_assistant,128,181
871,124,nested_user,128,314
872,124,nested_tool,128,331
873,124,nested_cot,128,212
874,124,nested_assistant,128,209
875,125,outer_system,128,1028
876,125,outer_user,128,1028
877,125,outer_assistant,128,1028
878,125,nested_user,128,1161
879,125,nested_tool,128,1179
880,125,nested_cot,128,1060
881,125,nested_assistant,128,1056
882,126,outer_system,128,833
883,126,outer_user,128,833
884,126,outer_assistant,128,833
885,126,nested_user,128,966
886,126,nested_tool,128,984
887,126,nested_cot,128,865
888,126,nested_assistant,128,861
889,127,outer_system,128,133
890,127,outer_user,128,133
891,127,outer_assistant,128,133
892,127,nested_user,128,266
893,127,nested_tool,128,284
894,127,nested_cot,128,165
895,127,nested_assistant,128,161
896,128,outer_system,128,1029
897,128,outer_user,128,1029
898,128,outer_assistant,128,1029
899,128,nested_user,128,1162
900,128,nested_tool,128,1180
901,128,nested_cot,128,1061
902,128,nested_assistant,128,1057
903,129,outer_system,128,1029
904,129,outer_user,128,1029
905,129,outer_assistant,128,1029
906,129,nested_user,128,1162
907,129,nested_tool,128,1180
908,129,nested_cot,128,1061
909,129,nested_assistant,128,1057
910,130,outer_system,128,1029
911,130,outer_user,128,1029
912,130,outer_assistant,128,1029
913,130,nested_user,128,1162
914,130,nested_tool,128,1180
915,130,nested_cot,128,1061
916,130,nested_assistant,128,1057
917,131,outer_system,128,285
918,131,outer_user,128,285
919,131,outer_assistant,128,285
920,131,nested_user,128,418
921,131,nested_tool,128,435
922,131,nested_cot,128,316
923,131,nested_assistant,128,313
924,132,outer_system,128,1028
925,132,outer_user,128,1028
926,132,outer_assistant,128,1028
927,132,nested_user,128,1161
928,132,nested_tool,128,1178
929,132,nested_cot,128,1059
930,132,nested_assistant,128,1056
931,133,outer_system,128,320
932,133,outer_user,128,320
933,133,outer_assistant,128,320
934,133,nested_user,128,453
935,133,nested_tool,128,470
936,133,nested_cot,128,351
937,133,nested_assistant,128,348
938,134,outer_system,128,1029
939,134,outer_user,128,1029
940,134,outer_assistant,128,1029
941,134,nested_user,128,1162
942,134,nested_tool,128,1180
943,134,nested_cot,128,1061
944,134,nested_assistant,128,1057
945,135,outer_system,128,213
946,135,outer_user,128,213
947,135,outer_assistant,128,213
948,135,nested_user,128,346
949,135,nested_tool,128,363
950,135,nested_cot,128,244
951,135,nested_assistant,128,241
952,136,outer_system,128,236
953,136,outer_user,128,236
954,136,outer_assistant,128,236
955,136,nested_user,128,369
956,136,nested_tool,128,386
957,136,nested_cot,128,267
958,136,nested_assistant,128,264
959,137,outer_system,128,392
960,137,outer_user,128,392
961,137,outer_assistant,128,392
962,137,nested_user,128,525
963,137,nested_tool,128,542
964,137,nested_cot,128,423
965,137,nested_assistant,128,420
966,138,outer_system,128,334
967,138,outer_user,128,334
968,138,outer_assistant,128,334
969,138,nested_user,128,467
970,138,nested_tool,128,484
971,138,nested_cot,128,365
972,138,nested_assistant,128,362
973,139,outer_system,128,439
974,139,outer_user,128,439
975,139,outer_assistant,128,439
976,139,nested_user,128,572
977,139,nested_tool,128,589
978,139,nested_cot,128,470
979,139,nested_assistant,128,467
980,140,outer_system,128,843
981,140,outer_user,128,843
982,140,outer_assistant,128,843
983,140,nested_user,128,976
984,140,nested_tool,128,994
985,140,nested_cot,128,875
986,140,nested_assistant,128,871
987,141,outer_system,128,263
988,141,outer_user,128,263
989,141,outer_assistant,128,263
990,141,nested_user,128,396
991,141,nested_tool,128,413
992,141,nested_cot,128,294
993,141,nested_assistant,128,291
994,142,outer_system,128,300
995,142,outer_user,128,300
996,142,outer_assistant,128,300
997,142,nested_user,128,433
998,142,nested_tool,128,451
999,142,nested_cot,128,332
1000,142,nested_assistant,128,328
1001,143,outer_system,128,231
1002,143,outer_user,128,231
1003,143,outer_assistant,128,231
1004,143,nested_user,128,364
1005,143,nested_tool,128,382
1006,143,nested_cot,128,263
1007,143,nested_assistant,128,259
1008,144,outer_system,128,622
1009,144,outer_user,128,622
1010,144,outer_assistant,128,622
1011,144,nested_user,128,755
1012,144,nested_tool,128,773
1013,144,nested_cot,128,654
1014,144,nested_assistant,128,650
1015,145,outer_system,128,139
1016,145,outer_user,128,139
1017,145,outer_assistant,128,139
1018,145,nested_user,128,272
1019,145,nested_tool,128,289
1020,145,nested_cot,128,170
1021,145,nested_assistant,128,167
1022,146,outer_system,128,588
1023,146,outer_user,128,588
1024,146,outer_assistant,128,588
1025,146,nested_user,128,721
1026,146,nested_tool,128,738
1027,146,nested_cot,128,619
1028,146,nested_assistant,128,616
1029,147,outer_system,128,566
1030,147,outer_user,128,566
1031,147,outer_assistant,128,566
1032,147,nested_user,128,699
1033,147,nested_tool,128,717
1034,147,nested_cot,128,598
1035,147,nested_assistant,128,594
1036,148,outer_system,128,740
1037,148,outer_user,128,740
1038,148,outer_assistant,128,740
1039,148,nested_user,128,873
1040,148,nested_tool,128,891
1041,148,nested_cot,128,772
1042,148,nested_assistant,128,768
1043,149,outer_system,128,263
1044,149,outer_user,128,263
1045,149,outer_assistant,128,263
1046,149,nested_user,128,396
1047,149,nested_tool,128,413
1048,149,nested_cot,128,294
1049,149,nested_assistant,128,291
1050,150,outer_system,128,1028
1051,150,outer_user,128,1028
1052,150,outer_assistant,128,1028
1053,150,nested_user,128,1161
1054,150,nested_tool,128,1179
1055,150,nested_cot,128,1060
1056,150,nested_assistant,128,1056
1057,151,outer_system,128,662
1058,151,outer_user,128,662
1059,151,outer_assistant,128,662
1060,151,nested_user,128,795
1061,151,nested_tool,128,813
1062,151,nested_cot,128,694
1063,151,nested_assistant,128,690
1064,152,outer_system,128,1029
1065,152,outer_user,128,1029
1066,152,outer_assistant,128,1029
1067,152,nested_user,128,1162
1068,152,nested_tool,128,1180
1069,152,nested_cot,128,1061
1070,152,nested_assistant,128,1057
1071,153,outer_system,128,481
1072,153,outer_user,128,481
1073,153,outer_assistant,128,481
1074,153,nested_user,128,614
1075,153,nested_tool,128,631
1076,153,nested_cot,128,512
1077,153,nested_assistant,128,509
1078,154,outer_system,128,708
1079,154,outer_user,128,708
1080,154,outer_assistant,128,708
1081,154,nested_user,128,841
1082,154,nested_tool,128,859
1083,154,nested_cot,128,740
1084,154,nested_assistant,128,736
1085,155,outer_system,128,249
1086,155,outer_user,128,249
1087,155,outer_assistant,128,249
1088,155,nested_user,128,382
1089,155,nested_tool,128,400
1090,155,nested_cot,128,281
1091,155,nested_assistant,128,277
1092,156,outer_system,128,497
1093,156,outer_user,128,497
1094,156,outer_assistant,128,497
1095,156,nested_user,128,630
1096,156,nested_tool,128,648
1097,156,nested_cot,128,529
1098,156,nested_assistant,128,525
1099,157,outer_system,128,275
1100,157,outer_user,128,275
1101,157,outer_assistant,128,275
1102,157,nested_user,128,408
1103,157,nested_tool,128,426
1104,157,nested_cot,128,307
1105,157,nested_assistant,128,303
1106,158,outer_system,128,853
1107,158,outer_user,128,853
1108,158,outer_assistant,128,853
1109,158,nested_user,128,986
1110,158,nested_tool,128,1004
1111,158,nested_cot,128,885
1112,158,nested_assistant,128,881
1113,159,outer_system,128,1029
1114,159,outer_user,128,1029
1115,159,outer_assistant,128,1029
1116,159,nested_user,128,1162
1117,159,nested_tool,128,1180
1118,159,nested_cot,128,1061
1119,159,nested_assistant,128,1057
1120,160,outer_system,128,641
1121,160,outer_user,128,641
1122,160,outer_assistant,128,641
1123,160,nested_user,128,774
1124,160,nested_tool,128,791
1125,160,nested_cot,128,672
1126,160,nested_assistant,128,669
1127,161,outer_system,128,1029
1128,161,outer_user,128,1029
1129,161,outer_assistant,128,1029
1130,161,nested_user,128,1162
1131,161,nested_tool,128,1180
1132,161,nested_cot,128,1061
1133,161,nested_assistant,128,1057
1134,162,outer_system,128,589
1135,162,outer_user,128,589
1136,162,outer_assistant,128,589
1137,162,nested_user,128,722
1138,162,nested_tool,128,740
1139,162,nested_cot,128,621
1140,162,nested_assistant,128,617
1141,163,outer_system,128,245
1142,163,outer_user,128,245
1143,163,outer_assistant,128,245
1144,163,nested_user,128,378
1145,163,nested_tool,128,395
1146,163,nested_cot,128,276
1147,163,nested_assistant,128,273
1148,164,outer_system,128,1029
1149,164,outer_user,128,1029
1150,164,outer_assistant,128,1029
1151,164,nested_user,128,1162
1152,164,nested_tool,128,1180
1153,164,nested_cot,128,1061
1154,164,nested_assistant,128,1057
1155,165,outer_system,128,342
1156,165,outer_user,128,342
1157,165,outer_assistant,128,342
1158,165,nested_user,128,475
1159,165,nested_tool,128,492
1160,165,nested_cot,128,373
1161,165,nested_assistant,128,370
1162,166,outer_system,128,970
1163,166,outer_user,128,970
1164,166,outer_assistant,128,970
1165,166,nested_user,128,1103
1166,166,nested_tool,128,1120
1167,166,nested_cot,128,1001
1168,166,nested_assistant,128,998
1169,167,outer_system,128,1029
1170,167,outer_user,128,1029
1171,167,outer_assistant,128,1029
1172,167,nested_user,128,1162
1173,167,nested_tool,128,1180
1174,167,nested_cot,128,1061
1175,167,nested_assistant,128,1057
1176,168,outer_system,128,1029
1177,168,outer_user,128,1029
1178,168,outer_assistant,128,1029
1179,168,nested_user,128,1162
1180,168,nested_tool,128,1180
1181,168,nested_cot,128,1061
1182,168,nested_assistant,128,1057
1183,169,outer_system,128,920
1184,169,outer_user,128,920
1185,169,outer_assistant,128,920
1186,169,nested_user,128,1053
1187,169,nested_tool,128,1071
1188,169,nested_cot,128,952
1189,169,nested_assistant,128,948
1190,170,outer_system,128,270
1191,170,outer_user,128,270
1192,170,outer_assistant,128,270
1193,170,nested_user,128,403
1194,170,nested_tool,128,421
1195,170,nested_cot,128,302
1196,170,nested_assistant,128,298
1197,171,outer_system,128,620
1198,171,outer_user,128,620
1199,171,outer_assistant,128,620
1200,171,nested_user,128,753
1201,171,nested_tool,128,771
1202,171,nested_cot,128,652
1203,171,nested_assistant,128,648
1204,172,outer_system,128,257
1205,172,outer_user,128,257
1206,172,outer_assistant,128,257
1207,172,nested_user,128,390
1208,172,nested_tool,128,407
1209,172,nested_cot,128,288
1210,172,nested_assistant,128,285
1211,173,outer_system,102,107
1212,173,outer_user,102,107
1213,173,outer_assistant,102,107
1214,173,nested_user,102,240
1215,173,nested_tool,102,258
1216,173,nested_cot,102,139
1217,173,nested_assistant,102,135
1218,174,outer_system,128,618
1219,174,outer_user,128,618
1220,174,outer_assistant,128,618
1221,174,nested_user,128,751
1222,174,nested_tool,128,768
1223,174,nested_cot,128,649
1224,174,nested_assistant,128,646
1225,175,outer_system,128,157
1226,175,outer_user,128,157
1227,175,outer_assistant,128,157
1228,175,nested_user,128,290
1229,175,nested_tool,128,307
1230,175,nested_cot,128,188
1231,175,nested_assistant,128,185
1232,176,outer_system,128,163
1233,176,outer_user,128,163
1234,176,outer_assistant,128,163
1235,176,nested_user,128,296
1236,176,nested_tool,128,313
1237,176,nested_cot,128,194
1238,176,nested_assistant,128,191
1239,177,outer_system,128,1028
1240,177,outer_user,128,1028
1241,177,outer_assistant,128,1028
1242,177,nested_user,128,1161
1243,177,nested_tool,128,1179
1244,177,nested_cot,128,1060
1245,177,nested_assistant,128,1056
1246,178,outer_system,128,1029
1247,178,outer_user,128,1029
1248,178,outer_assistant,128,1029
1249,178,nested_user,128,1162
1250,178,nested_tool,128,1180
1251,178,nested_cot,128,1061
1252,178,nested_assistant,128,1057
1253,179,outer_system,128,1029
1254,179,outer_user,128,1029
1255,179,outer_assistant,128,1029
1256,179,nested_user,128,1162
1257,179,nested_tool,128,1180
1258,179,nested_cot,128,1061
1259,179,nested_assistant,128,1057
1260,180,outer_system,128,697
1261,180,outer_user,128,697
1262,180,outer_assistant,128,697
1263,180,nested_user,128,830
1264,180,nested_tool,128,848
1265,180,nested_cot,128,729
1266,180,nested_assistant,128,725
1267,181,outer_system,128,561
1268,181,outer_user,128,561
1269,181,outer_assistant,128,561
1270,181,nested_user,128,694
1271,181,nested_tool,128,711
1272,181,nested_cot,128,592
1273,181,nested_assistant,128,589
1274,182,outer_system,128,1029
1275,182,outer_user,128,1029
1276,182,outer_assistant,128,1029
1277,182,nested_user,128,1162
1278,182,nested_tool,128,1180
1279,182,nested_cot,128,1061
1280,182,nested_assistant,128,1057
1281,183,outer_system,128,698
1282,183,outer_user,128,698
1283,183,outer_assistant,128,698
1284,183,nested_user,128,831
1285,183,nested_tool,128,849
1286,183,nested_cot,128,730
1287,183,nested_assistant,128,726
1288,184,outer_system,128,608
1289,184,outer_user,128,608
1290,184,outer_assistant,128,608
1291,184,nested_user,128,741
1292,184,nested_tool,128,758
1293,184,nested_cot,128,639
1294,184,nested_assistant,128,636
1295,185,outer_system,128,1029
1296,185,outer_user,128,1029
1297,185,outer_assistant,128,1029
1298,185,nested_user,128,1162
1299,185,nested_tool,128,1180
1300,185,nested_cot,128,1061
1301,185,nested_assistant,128,1057
1302,186,outer_system,128,144
1303,186,outer_user,128,144
1304,186,outer_assistant,128,144
1305,186,nested_user,128,277
1306,186,nested_tool,128,294
1307,186,nested_cot,128,175
1308,186,nested_assistant,128,172
1309,187,outer_system,128,474
1310,187,outer_user,128,474
1311,187,outer_assistant,128,474
1312,187,nested_user,128,607
1313,187,nested_tool,128,625
1314,187,nested_cot,128,506
1315,187,nested_assistant,128,502
1316,188,outer_system,128,1029
1317,188,outer_user,128,1029
1318,188,outer_assistant,128,1029
1319,188,nested_user,128,1162
1320,188,nested_tool,128,1180
1321,188,nested_cot,128,1061
1322,188,nested_assistant,128,1057
1323,189,outer_system,128,1029
1324,189,outer_user,128,1029
1325,189,outer_assistant,128,1029
1326,189,nested_user,128,1162
1327,189,nested_tool,128,1180
1328,189,nested_cot,128,1061
1329,189,nested_assistant,128,1057
1330,190,outer_system,128,922
1331,190,outer_user,128,922
1332,190,outer_assistant,128,922
1333,190,nested_user,128,1055
1334,190,nested_tool,128,1073
1335,190,nested_cot,128,954
1336,190,nested_assistant,128,950
1337,191,outer_system,128,1029
1338,191,outer_user,128,1029
1339,191,outer_assistant,128,1029
1340,191,nested_user,128,1162
1341,191,nested_tool,128,1180
1342,191,nested_cot,128,1061
1343,191,nested_assistant,128,1057
1344,192,outer_system,128,282
1345,192,outer_user,128,282
1346,192,outer_assistant,128,282
1347,192,nested_user,128,415
1348,192,nested_tool,128,432
1349,192,nested_cot,128,313
1350,192,nested_assistant,128,310
1351,193,outer_system,128,336
1352,193,outer_user,128,336
1353,193,outer_assistant,128,336
1354,193,nested_user,128,469
1355,193,nested_tool,128,487
1356,193,nested_cot,128,368
1357,193,nested_assistant,128,364
1358,194,outer_system,128,269
1359,194,outer_user,128,269
1360,194,outer_assistant,128,269
1361,194,nested_user,128,402
1362,194,nested_tool,128,420
1363,194,nested_cot,128,301
1364,194,nested_assistant,128,297
1365,195,outer_system,128,136
1366,195,outer_user,128,136
1367,195,outer_assistant,128,136
1368,195,nested_user,128,269
1369,195,nested_tool,128,287
1370,195,nested_cot,128,168
1371,195,nested_assistant,128,164
1372,196,outer_system,128,851
1373,196,outer_user,128,851
1374,196,outer_assistant,128,851
1375,196,nested_user,128,984
1376,196,nested_tool,128,1002
1377,196,nested_cot,128,883
1378,196,nested_assistant,128,879
1379,197,outer_system,128,390
1380,197,outer_user,128,390
1381,197,outer_assistant,128,390
1382,197,nested_user,128,523
1383,197,nested_tool,128,541
1384,197,nested_cot,128,422
1385,197,nested_assistant,128,418
1386,198,outer_system,128,1029
1387,198,outer_user,128,1029
1388,198,outer_assistant,128,1029
1389,198,nested_user,128,1162
1390,198,nested_tool,128,1180
1391,198,nested_cot,128,1061
1392,198,nested_assistant,128,1057
1393,199,outer_system,128,650
1394,199,outer_user,128,650
1395,199,outer_assistant,128,650
1396,199,nested_user,128,783
1397,199,nested_tool,128,800
1398,199,nested_cot,128,681
1399,199,nested_assistant,128,678
1400,200,outer_system,128,1029
1401,200,outer_user,128,1029
1402,200,outer_assistant,128,1029
1403,200,nested_user,128,1162
1404,200,nested_tool,128,1179
1405,200,nested_cot,128,1060
1406,200,nested_assistant,128,1057
1407,201,outer_system,128,242
1408,201,outer_user,128,242
1409,201,outer_assistant,128,242
1410,201,nested_user,128,375
1411,201,nested_tool,128,392
1412,201,nested_cot,128,273
1413,201,nested_assistant,128,270
1414,202,outer_system,128,1029
1415,202,outer_user,128,1029
1416,202,outer_assistant,128,1029
1417,202,nested_user,128,1162
1418,202,nested_tool,128,1180
1419,202,nested_cot,128,1061
1420,202,nested_assistant,128,1057
1421,203,outer_system,128,1029
1422,203,outer_user,128,1029
1423,203,outer_assistant,128,1029
1424,203,nested_user,128,1162
1425,203,nested_tool,128,1180
1426,203,nested_cot,128,1061
1427,203,nested_assistant,128,1057
1428,204,outer_system,128,501
1429,204,outer_user,128,501
1430,204,outer_assistant,128,501
1431,204,nested_user,128,634
1432,204,nested_tool,128,651
1433,204,nested_cot,128,532
1434,204,nested_assistant,128,529
1435,205,outer_system,110,115
1436,205,outer_user,110,115
1437,205,outer_assistant,110,115
1438,205,nested_user,110,248
1439,205,nested_tool,110,266
1440,205,nested_cot,110,147
1441,205,nested_assistant,110,143
1442,206,outer_system,128,1029
1443,206,outer_user,128,1029
1444,206,outer_assistant,128,1029
1445,206,nested_user,128,1162
1446,206,nested_tool,128,1180
1447,206,nested_cot,128,1061
1448,206,nested_assistant,128,1057
1449,207,outer_system,128,536
1450,207,outer_user,128,536
1451,207,outer_assistant,128,536
1452,207,nested_user,128,669
1453,207,nested_tool,128,686
1454,207,nested_cot,128,567
1455,207,nested_assistant,128,564
1456,208,outer_system,128,1029
1457,208,outer_user,128,1029
1458,208,outer_assistant,128,1029
1459,208,nested_user,128,1162
1460,208,nested_tool,128,1180
1461,208,nested_cot,128,1061
1462,208,nested_assistant,128,1057
1463,209,outer_system,128,383
1464,209,outer_user,128,383
1465,209,outer_assistant,128,383
1466,209,nested_user,128,516
1467,209,nested_tool,128,533
1468,209,nested_cot,128,414
1469,209,nested_assistant,128,411
1470,210,outer_system,128,198
1471,210,outer_user,128,198
1472,210,outer_assistant,128,198
1473,210,nested_user,128,331
1474,210,nested_tool,128,348
1475,210,nested_cot,128,229
1476,210,nested_assistant,128,226
1477,211,outer_system,128,1029
1478,211,outer_user,128,1029
1479,211,outer_assistant,128,1029
1480,211,nested_user,128,1162
1481,211,nested_tool,128,1180
1482,211,nested_cot,128,1061
1483,211,nested_assistant,128,1057
1484,212,outer_system,128,609
1485,212,outer_user,128,609
1486,212,outer_assistant,128,609
1487,212,nested_user,128,742
1488,212,nested_tool,128,760
1489,212,nested_cot,128,641
1490,212,nested_assistant,128,637
1491,213,outer_system,128,208
1492,213,outer_user,128,208
1493,213,outer_assistant,128,208
1494,213,nested_user,128,341
1495,213,nested_tool,128,358
1496,213,nested_cot,128,239
1497,213,nested_assistant,128,236
1498,214,outer_system,128,1002
1499,214,outer_user,128,1002
1500,214,outer_assistant,128,1002
1501,214,nested_user,128,1135
1502,214,nested_tool,128,1153
1503,214,nested_cot,128,1034
1504,214,nested_assistant,128,1030
1505,215,outer_system,128,1029
1506,215,outer_user,128,1029
1507,215,outer_assistant,128,1029
1508,215,nested_user,128,1162
1509,215,nested_tool,128,1179
1510,215,nested_cot,128,1060
1511,215,nested_assistant,128,1057
1512,216,outer_system,128,1029
1513,216,outer_user,128,1029
1514,216,outer_assistant,128,1029
1515,216,nested_user,128,1162
1516,216,nested_tool,128,1180
1517,216,nested_cot,128,1061
1518,216,nested_assistant,128,1057
1519,217,outer_system,128,256
1520,217,outer_user,128,256
1521,217,outer_assistant,128,256
1522,217,nested_user,128,389
1523,217,nested_tool,128,407
1524,217,nested_cot,128,288
1525,217,nested_assistant,128,284
1526,218,outer_system,128,1029
1527,218,outer_user,128,1029
1528,218,outer_assistant,128,1029
1529,218,nested_user,128,1162
1530,218,nested_tool,128,1180
1531,218,nested_cot,128,1061
1532,218,nested_assistant,128,1057
1533,219,outer_system,128,133
1534,219,outer_user,128,133
1535,219,outer_assistant,128,133
1536,219,nested_user,128,266
1537,219,nested_tool,128,284
1538,219,nested_cot,128,165
1539,219,nested_assistant,128,161
1540,220,outer_system,128,1029
1541,220,outer_user,128,1029
1542,220,outer_assistant,128,1029
1543,220,nested_user,128,1162
1544,220,nested_tool,128,1180
1545,220,nested_cot,128,1061
1546,220,nested_assistant,128,1057
1547,221,outer_system,128,1029
1548,221,outer_user,128,1029
1549,221,outer_assistant,128,1029
1550,221,nested_user,128,1162
1551,221,nested_tool,128,1179
1552,221,nested_cot,128,1060
1553,221,nested_assistant,128,1057
1554,222,outer_system,128,1028
1555,222,outer_user,128,1028
1556,222,outer_assistant,128,1028
1557,222,nested_user,128,1161
1558,222,nested_tool,128,1179
1559,222,nested_cot,128,1060
1560,222,nested_assistant,128,1056
1561,223,outer_system,128,747
1562,223,outer_user,128,747
1563,223,outer_assistant,128,747
1564,223,nested_user,128,880
1565,223,nested_tool,128,898
1566,223,nested_cot,128,779
1567,223,nested_assistant,128,775
1568,224,outer_system,128,1029
1569,224,outer_user,128,1029
1570,224,outer_assistant,128,1029
1571,224,nested_user,128,1162
1572,224,nested_tool,128,1180
1573,224,nested_cot,128,1061
1574,224,nested_assistant,128,1057
1575,225,outer_system,128,275
1576,225,outer_user,128,275
1577,225,outer_assistant,128,275
1578,225,nested_user,128,408
1579,225,nested_tool,128,426
1580,225,nested_cot,128,307
1581,225,nested_assistant,128,303
1582,226,outer_system,128,675
1583,226,outer_user,128,675
1584,226,outer_assistant,128,675
1585,226,nested_user,128,808
1586,226,nested_tool,128,826
1587,226,nested_cot,128,707
1588,226,nested_assistant,128,703
1589,227,outer_system,128,190
1590,227,outer_user,128,190
1591,227,outer_assistant,128,190
1592,227,nested_user,128,323
1593,227,nested_tool,128,340
1594,227,nested_cot,128,221
1595,227,nested_assistant,128,218
1596,228,outer_system,128,260
1597,228,outer_user,128,260
1598,228,outer_assistant,128,260
1599,228,nested_user,128,393
1600,228,nested_tool,128,410
1601,228,nested_cot,128,291
1602,228,nested_assistant,128,288
1603,229,outer_system,128,904
1604,229,outer_user,128,904
1605,229,outer_assistant,128,904
1606,229,nested_user,128,1037
1607,229,nested_tool,128,1055
1608,229,nested_cot,128,936
1609,229,nested_assistant,128,932
1610,230,outer_system,128,1029
1611,230,outer_user,128,1029
1612,230,outer_assistant,128,1029
1613,230,nested_user,128,1162
1614,230,nested_tool,128,1180
1615,230,nested_cot,128,1061
1616,230,nested_assistant,128,1057
1617,231,outer_system,128,552
1618,231,outer_user,128,552
1619,231,outer_assistant,128,552
1620,231,nested_user,128,685
1621,231,nested_tool,128,702
1622,231,nested_cot,128,583
1623,231,nested_assistant,128,580
1624,232,outer_system,128,1029
1625,232,outer_user,128,1029
1626,232,outer_assistant,128,1029
1627,232,nested_user,128,1162
1628,232,nested_tool,128,1180
1629,232,nested_cot,128,1061
1630,232,nested_assistant,128,1057
1631,233,outer_system,128,431
1632,233,outer_user,128,431
1633,233,outer_assistant,128,431
1634,233,nested_user,128,564
1635,233,nested_tool,128,582
1636,233,nested_cot,128,463
1637,233,nested_assistant,128,459
1638,234,outer_system,128,441
1639,234,outer_user,128,441
1640,234,outer_assistant,128,441
1641,234,nested_user,128,574
1642,234,nested_tool,128,591
1643,234,nested_cot,128,472
1644,234,nested_assistant,128,469
1645,235,outer_system,128,1029
1646,235,outer_user,128,1029
1647,235,outer_assistant,128,1029
1648,235,nested_user,128,1162
1649,235,nested_tool,128,1180
1650,235,nested_cot,128,1061
1651,235,nested_assistant,128,1057
1652,236,outer_system,128,1029
1653,236,outer_user,128,1029
1654,236,outer_assistant,128,1029
1655,236,nested_user,128,1162
1656,236,nested_tool,128,1180
1657,236,nested_cot,128,1061
1658,236,nested_assistant,128,1057
1659,237,outer_system,128,319
1660,237,outer_user,128,319
1661,237,outer_assistant,128,319
1662,237,nested_user,128,452
1663,237,nested_tool,128,470
1664,237,nested_cot,128,351
1665,237,nested_assistant,128,347
1666,238,outer_system,128,1029
1667,238,outer_user,128,1029
1668,238,outer_assistant,128,1029
1669,238,nested_user,128,1162
1670,238,nested_tool,128,1180
1671,238,nested_cot,128,1061
1672,238,nested_assistant,128,1057
1673,239,outer_system,128,308
1674,239,outer_user,128,308
1675,239,outer_assistant,128,308
1676,239,nested_user,128,441
1677,239,nested_tool,128,458
1678,239,nested_cot,128,339
1679,239,nested_assistant,128,336
1680,240,outer_system,128,1029
1681,240,outer_user,128,1029
1682,240,outer_assistant,128,1029
1683,240,nested_user,128,1162
1684,240,nested_tool,128,1180
1685,240,nested_cot,128,1061
1686,240,nested_assistant,128,1057
1687,241,outer_system,128,1029
1688,241,outer_user,128,1029
1689,241,outer_assistant,128,1029
1690,241,nested_user,128,1162
1691,241,nested_tool,128,1180
1692,241,nested_cot,128,1061
1693,241,nested_assistant,128,1057
1694,242,outer_system,128,1029
1695,242,outer_user,128,1029
1696,242,outer_assistant,128,1029
1697,242,nested_user,128,1162
1698,242,nested_tool,128,1179
1699,242,nested_cot,128,1060
1700,242,nested_assistant,128,1057
1701,243,outer_system,128,252
1702,243,outer_user,128,252
1703,243,outer_assistant,128,252
1704,243,nested_user,128,385
1705,243,nested_tool,128,403
1706,243,nested_cot,128,284
1707,243,nested_assistant,128,280
1708,244,outer_system,128,270
1709,244,outer_user,128,270
1710,244,outer_assistant,128,270
1711,244,nested_user,128,403
1712,244,nested_tool,128,421
1713,244,nested_cot,128,302
1714,244,nested_assistant,128,298
1715,245,outer_system,128,231
1716,245,outer_user,128,231
1717,245,outer_assistant,128,231
1718,245,nested_user,128,364
1719,245,nested_tool,128,382
1720,245,nested_cot,128,263
1721,245,nested_assistant,128,259
1722,246,outer_system,128,849
1723,246,outer_user,128,849
1724,246,outer_assistant,128,849
1725,246,nested_user,128,982
1726,246,nested_tool,128,999
1727,246,nested_cot,128,880
1728,246,nested_assistant,128,877
1729,247,outer_system,128,778
1730,247,outer_user,128,778
1731,247,outer_assistant,128,778
1732,247,nested_user,128,911
1733,247,nested_tool,128,928
1734,247,nested_cot,128,809
1735,247,nested_assistant,128,806
1736,248,outer_system,128,172
1737,248,outer_user,128,172
1738,248,outer_assistant,128,172
1739,248,nested_user,128,305
1740,248,nested_tool,128,323
1741,248,nested_cot,128,204
1742,248,nested_assistant,128,200
1743,249,outer_system,128,803
1744,249,outer_user,128,803
1745,249,outer_assistant,128,803
1746,249,nested_user,128,936
1747,249,nested_tool,128,954
1748,249,nested_cot,128,835
1749,249,nested_assistant,128,831
