layer_ix,true_role,predicted_role,count,row_fraction
0,system,system,2064,0.17811529168104936
0,system,user,4226,0.36468760787021054
0,system,cot,2965,0.25586813945460823
0,system,assistant,2333,0.20132896099413186
0,user,system,4818,0.37617114303560273
0,user,user,2337,0.1824640849469082
0,user,cot,3119,0.24351967520299814
0,user,assistant,2534,0.19784509681449094
0,cot,system,3814,0.25470816081207426
0,cot,user,4048,0.27033524776278883
0,cot,cot,2413,0.16114598637638575
0,cot,assistant,4699,0.3138106050487512
0,assistant,system,4227,0.276835418167529
0,assistant,user,3748,0.2454646669722968
0,assistant,cot,5343,0.34992468400026194
0,assistant,assistant,1951,0.12777523085991224
2,system,system,2467,0.21289264756644805
2,system,user,5662,0.48860890576458404
2,system,cot,1615,0.1393683120469451
2,system,assistant,1844,0.15913013462202277
2,user,system,6608,0.5159275452841974
2,user,user,3325,0.2596033728919425
2,user,cot,1542,0.12039350405996252
2,user,assistant,1333,0.10407557776389756
2,cot,system,1475,0.09850407372779485
2,cot,user,1713,0.11439829036997462
2,cot,cot,4309,0.28776546013089355
2,cot,assistant,7477,0.499332175771337
2,assistant,system,2111,0.13825397864955138
2,assistant,user,1683,0.11022332831226668
2,assistant,cot,7456,0.4883096469971838
2,assistant,assistant,4019,0.2632130460409981
4,system,system,3033,0.2617362789092164
4,system,user,5539,0.4779944770452192
4,system,cot,1282,0.11063168795305488
4,system,assistant,1734,0.1496375560925095
4,user,system,5286,0.4127108057464085
4,user,user,5322,0.41552154903185506
4,user,cot,1127,0.08799188007495315
4,user,assistant,1073,0.08377576514678325
4,cot,system,1983,0.13242954454387607
4,cot,user,1716,0.11459863763857353
4,cot,cot,4165,0.2781487912381461
4,cot,assistant,7110,0.4748230265794043
4,assistant,system,2664,0.17447115069749164
4,assistant,user,1530,0.10020302573842425
4,assistant,cot,6974,0.45674241928089593
4,assistant,assistant,4101,0.26858340428318817
6,system,system,5308,0.4580600621332413
6,system,user,3605,0.31109768726268555
6,system,cot,1512,0.13047980669658268
6,system,assistant,1163,0.10036244390749051
6,user,system,2736,0.21361648969394129
6,user,user,9307,0.7266552154903185
6,user,cot,577,0.04504996876951905
6,user,assistant,188,0.014678326046221112
6,cot,system,2590,0.1729664752237211
6,cot,user,1238,0.08267663950848136
6,cot,cot,7516,0.5019366902631227
6,cot,assistant,3630,0.24242019500467477
6,assistant,system,1140,0.07466107800117885
6,assistant,user,374,0.024494072958281484
6,assistant,cot,3514,0.23013949832994957
6,assistant,assistant,10241,0.6707053507105901
8,system,system,8031,0.6930445288229202
8,system,user,2484,0.2143596824301001
8,system,cot,581,0.05013807386952019
8,system,assistant,492,0.04245771487745944
8,user,system,1494,0.11664584634603373
8,user,user,11161,0.8714084946908183
8,user,cot,129,0.010071830106183635
8,user,assistant,24,0.0018738288569643974
8,cot,system,1066,0.0711900627754775
8,cot,user,276,0.01843194871109924
8,cot,cot,11820,0.7893682382796848
8,cot,assistant,1812,0.12100975023373849
8,assistant,system,178,0.011657606915973541
8,assistant,user,5,0.0003274608684262231
8,assistant,cot,1939,0.1269893247756893
8,assistant,assistant,13147,0.861025607439911
10,system,system,7334,0.632896099413186
10,system,user,2604,0.22471522264411462
10,system,cot,918,0.07921988263721091
10,system,assistant,732,0.06316879530548844
10,user,system,1904,0.1486570893191755
10,user,user,10573,0.8254996876951906
10,user,cot,302,0.023579013116801998
10,user,assistant,29,0.00226420986883198
10,cot,system,1745,0.11653532790169627
10,cot,user,540,0.036062508347802856
10,cot,cot,10278,0.6863897422198477
10,cot,assistant,2411,0.16101242153065312
10,assistant,system,417,0.027310236426747004
10,assistant,user,13,0.00085139825790818
10,assistant,cot,2759,0.18069290719758987
10,assistant,assistant,12080,0.7911454581177549
12,system,system,7038,0.6073524335519503
12,system,user,2447,0.21116672419744564
12,system,cot,1332,0.11494649637556092
12,system,assistant,771,0.06653434587504314
12,user,system,1863,0.14545596502186134
12,user,user,10432,0.8144909431605247
12,user,cot,473,0.03693004372267333
12,user,assistant,40,0.003123048094940662
12,cot,system,2218,0.14812341391745693
12,cot,user,825,0.05509549886469881
12,cot,cot,9208,0.614932549752905
12,cot,assistant,2723,0.18184853746493923
12,assistant,system,395,0.025869408605671624
12,assistant,user,20,0.0013098434737048924
12,assistant,cot,2985,0.19549413845045516
12,assistant,assistant,11869,0.7773266094701683
14,system,system,8474,0.7312737314463238
14,system,user,2004,0.1729375215740421
14,system,cot,774,0.06679323438039352
14,system,assistant,336,0.028995512599240592
14,user,system,1237,0.09658026233603997
14,user,user,11170,0.8721111805121798
14,user,cot,388,0.030293566520924423
14,user,assistant,13,0.0010149906308557152
14,cot,system,1939,0.12949111793775878
14,cot,user,401,0.026779751569386938
14,cot,cot,10481,0.6999465740617069
14,cot,assistant,2153,0.14378255643114732
14,assistant,system,180,0.01178859126334403
14,assistant,user,5,0.0003274608684262231
14,assistant,cot,1519,0.09948261182788656
14,assistant,assistant,13565,0.8884013360403432
16,system,system,9927,0.8566620642043493
16,system,user,1080,0.09319986192613049
16,system,cot,514,0.0443562305833621
16,system,assistant,67,0.005781843286158095
16,user,system,539,0.04208307307932542
16,user,user,12061,0.9416770768269831
16,user,cot,201,0.015693316677076827
16,user,assistant,7,0.0005465334166146158
16,cot,system,842,0.05623080005342594
16,cot,user,89,0.005943635635100842
16,cot,cot,11954,0.7983170829437692
16,cot,assistant,2089,0.13950848136770402
16,assistant,system,35,0.0022922260789835615
16,assistant,user,1,6.549217368524462e-05
16,assistant,cot,812,0.05317964503241863
16,assistant,assistant,14421,0.9444626367149126
18,system,system,9520,0.8215395236451501
18,system,user,1334,0.11511908871246117
18,system,cot,576,0.04970659302726959
18,system,assistant,158,0.013634794615119088
18,user,system,671,0.052389131792629606
18,user,user,11919,0.9305902560899438
18,user,cot,213,0.016630231105559026
18,user,assistant,5,0.00039038101186758274
18,cot,system,1080,0.07212501669560571
18,cot,user,98,0.006544677440897556
18,cot,cot,11174,0.746226793108054
18,cot,assistant,2622,0.17510351275544278
18,assistant,system,53,0.0034710852053179645
18,assistant,user,1,6.549217368524462e-05
18,assistant,cot,1078,0.07060056323269369
18,assistant,assistant,14137,0.9258628593883031
20,system,system,8912,0.7690714532274767
20,system,user,1553,0.13401794960303762
20,system,cot,870,0.07507766655160511
20,system,assistant,253,0.021832930617880567
20,user,system,568,0.0443472829481574
20,user,user,11988,0.9359775140537164
20,user,cot,244,0.019050593379138038
20,user,assistant,8,0.0006246096189881324
20,cot,system,1783,0.11907305997061574
20,cot,user,212,0.014157873647655937
20,cot,cot,10199,0.6811139308134099
20,cot,assistant,2780,0.18565513556831842
20,assistant,system,139,0.009103412142249
20,assistant,user,6,0.00039295304211146766
20,assistant,cot,1137,0.07446460148012313
20,assistant,assistant,13987,0.9160390333355164
22,system,system,8960,0.7732136693130826
22,system,user,1548,0.13358646876078703
22,system,cot,800,0.06903693476009665
22,system,assistant,280,0.02416292716603383
22,user,system,481,0.03755465334166146
22,user,user,12120,0.9462835727670206
22,user,cot,187,0.014600249843847595
22,user,assistant,20,0.001561524047470331
22,cot,system,1793,0.11974088419927875
22,cot,user,360,0.024041672231868573
22,cot,cot,10348,0.6910645118204889
22,cot,assistant,2473,0.16515293174836382
22,assistant,system,218,0.014277293863383325
22,assistant,user,7,0.0004584452157967123
22,assistant,cot,1205,0.07891806929071976
22,assistant,assistant,13839,0.9063461916301002
