condition,original_role,system,user,cot,assistant
all_user_tags,assistant,0.0012569157,3.0739052e-06,0.026886344,0.9718536
all_user_tags,cot,1.9871986e-06,7.822284e-05,0.9806778,0.019242011
all_user_tags,user,4.992264e-05,0.8033359,0.017582485,0.17903173
correct_tags,assistant,0.0005151677,3.9991014e-06,0.006172889,0.99330795
correct_tags,cot,5.423119e-06,3.6977453e-05,0.9451239,0.05483366
correct_tags,user,2.8019344e-05,0.7728461,0.0028507018,0.2242752
no_tags,assistant,0.00061524165,1.4369788e-06,0.021797765,0.97758555
no_tags,cot,1.834046e-06,8.529044e-05,0.97651416,0.023398748
no_tags,user,4.3400196e-05,0.7359148,0.016150627,0.2478911
