probe,activation_site,layer,solver,roles,accuracy,balanced_accuracy,nll,uniform_nll,nll_beats_uniform,n_train_tokens,n_test_tokens,tokens_per_train_class,tokens_per_test_class,n_iter,converged,warnings,coefficient_norms,coefficients_finite
pilot_binary,pre_mlp,8,cuml_exact_prior,user|assistant,0.9989293361884368,0.9989293361884368,0.04702355807601826,0.6931471805599453,True,3666,934,1833,467,72,True,[],[1.497472882270813],True
pilot_binary,pre_mlp,8,sklearn_standardized,user|assistant,1.0,1.0,0.027664382002228094,0.6931471805599453,True,3666,934,1833,467,31,True,[],[2.1288678646087646],True
pilot_binary,pre_mlp,10,cuml_exact_prior,user|assistant,0.9914346895074947,0.9914346895074946,0.06418828676085854,0.6931471805599453,True,3666,934,1833,467,84,True,[],[1.493232250213623],True
pilot_binary,pre_mlp,10,sklearn_standardized,user|assistant,0.9914346895074947,0.9914346895074946,0.048441192146844274,0.6931471805599453,True,3666,934,1833,467,36,True,[],[1.9278624057769775],True
pilot_binary,pre_mlp,12,cuml_exact_prior,user|assistant,0.9914346895074947,0.9914346895074946,0.06480935782065202,0.6931471805599453,True,3666,934,1833,467,92,True,[],[1.4686092138290405],True
pilot_binary,pre_mlp,12,sklearn_standardized,user|assistant,0.9946466809421841,0.9946466809421841,0.0545369145705531,0.6931471805599453,True,3666,934,1833,467,37,True,[],[1.7986005544662476],True
pilot_binary,pre_mlp,14,cuml_exact_prior,user|assistant,1.0,1.0,0.023524302988826497,0.6931471805599453,True,3666,934,1833,467,105,True,[],[1.211650013923645],True
pilot_binary,pre_mlp,14,sklearn_standardized,user|assistant,1.0,1.0,0.01901225256045396,0.6931471805599453,True,3666,934,1833,467,20,True,[],[1.3707226514816284],True
pilot_binary,pre_mlp,16,cuml_exact_prior,user|assistant,0.9978586723768736,0.9978586723768736,0.022849057663239428,0.6931471805599453,True,3666,934,1833,467,100,True,[],[0.986029326915741],True
pilot_binary,pre_mlp,16,sklearn_standardized,user|assistant,0.9989293361884368,0.9989293361884368,0.019213108946393637,0.6931471805599453,True,3666,934,1833,467,15,True,[],[1.1951789855957031],True
pilot_binary,pre_mlp,18,cuml_exact_prior,user|assistant,0.9957173447537473,0.9957173447537473,0.023514315597895796,0.6931471805599453,True,3666,934,1833,467,99,True,[],[0.9606107473373413],True
pilot_binary,pre_mlp,18,sklearn_standardized,user|assistant,0.9946466809421841,0.9946466809421841,0.0190137483772313,0.6931471805599453,True,3666,934,1833,467,25,True,[],[1.2014925479888916],True
pilot_binary,block_output,8,cuml_exact_prior,user|assistant,0.9839400428265525,0.9839400428265526,0.04943967754153477,0.6931471805599453,True,3666,934,1833,467,364,True,[],[0.41124123334884644],True
pilot_binary,block_output,8,sklearn_standardized,user|assistant,0.9978586723768736,0.9978586723768736,0.034939125080240115,0.6931471805599453,True,3666,934,1833,467,32,True,[],[0.2843242287635803],True
pilot_binary,block_output,10,cuml_exact_prior,user|assistant,0.9635974304068522,0.9635974304068522,0.10970872065404469,0.6931471805599453,True,3666,934,1833,467,377,True,[],[0.3194698989391327],True
pilot_binary,block_output,10,sklearn_standardized,user|assistant,0.9882226980728052,0.988222698072805,0.0559328874927238,0.6931471805599453,True,3666,934,1833,467,23,True,[],[0.15120366215705872],True
pilot_binary,block_output,12,cuml_exact_prior,user|assistant,0.9785867237687366,0.9785867237687367,0.08002961580478664,0.6931471805599453,True,3666,934,1833,467,415,True,[],[0.25846388936042786],True
pilot_binary,block_output,12,sklearn_standardized,user|assistant,0.9914346895074947,0.9914346895074946,0.0593445099269049,0.6931471805599453,True,3666,934,1833,467,40,True,[],[0.0932621881365776],True
pilot_binary,block_output,14,cuml_exact_prior,user|assistant,0.9946466809421841,0.9946466809421841,0.00929257974340758,0.6931471805599453,True,3666,934,1833,467,283,True,[],[0.14150825142860413],True
pilot_binary,block_output,14,sklearn_standardized,user|assistant,0.9978586723768736,0.9978586723768736,0.026175406818506587,0.6931471805599453,True,3666,934,1833,467,26,True,[],[0.04825451225042343],True
pilot_binary,block_output,16,cuml_exact_prior,user|assistant,0.9967880085653105,0.9967880085653105,0.007597286566989506,0.6931471805599453,True,3666,934,1833,467,256,True,[],[0.06853441148996353],True
pilot_binary,block_output,16,sklearn_standardized,user|assistant,0.9925053533190579,0.9925053533190578,0.02776320698990179,0.6931471805599453,True,3666,934,1833,467,29,True,[],[0.024008359760046005],True
pilot_binary,block_output,18,cuml_exact_prior,user|assistant,0.9957173447537473,0.9957173447537473,0.02018718240647948,0.6931471805599453,True,3666,934,1833,467,269,True,[],[0.044744618237018585],True
pilot_binary,block_output,18,sklearn_standardized,user|assistant,0.9914346895074947,0.9914346895074946,0.023225801281201372,0.6931471805599453,True,3666,934,1833,467,25,True,[],[0.014672609977424145],True
pilot_plus_tool,pre_mlp,8,cuml_exact_prior,user|assistant|tool,0.9571734475374732,0.9571734475374732,0.1538647070637222,1.0986122886681098,True,5499,1401,1833,467,181,True,[],"[1.4005224704742432, 1.4094706773757935, 1.3607484102249146]",True
pilot_plus_tool,pre_mlp,8,sklearn_standardized,user|assistant|tool,0.9500356887937188,0.9500356887937187,0.13009611192926657,1.0986122886681098,True,5499,1401,1833,467,47,True,[],"[1.9871786832809448, 2.011427402496338, 2.005361318588257]",True
pilot_plus_tool,pre_mlp,10,cuml_exact_prior,user|assistant|tool,0.9357601713062098,0.9357601713062098,0.2070220092542839,1.0986122886681098,True,5499,1401,1833,467,174,True,[],"[1.416157841682434, 1.4138693809509277, 1.3305186033248901]",True
pilot_plus_tool,pre_mlp,10,sklearn_standardized,user|assistant|tool,0.9329050678087081,0.9329050678087082,0.19596928533345537,1.0986122886681098,True,5499,1401,1833,467,54,True,[],"[1.8331860303878784, 1.8257266283035278, 1.7570008039474487]",True
pilot_plus_tool,pre_mlp,12,cuml_exact_prior,user|assistant|tool,0.913633119200571,0.913633119200571,0.2520761966012764,1.0986122886681098,True,5499,1401,1833,467,200,True,[],"[1.4252700805664062, 1.4058265686035156, 1.3106286525726318]",True
pilot_plus_tool,pre_mlp,12,sklearn_standardized,user|assistant|tool,0.9079229122055674,0.9079229122055675,0.2536517251262168,1.0986122886681098,True,5499,1401,1833,467,65,True,[],"[1.7467905282974243, 1.7115538120269775, 1.6219475269317627]",True
pilot_plus_tool,pre_mlp,14,cuml_exact_prior,user|assistant|tool,0.9250535331905781,0.9250535331905781,0.1945005837452673,1.0986122886681098,True,5499,1401,1833,467,247,True,[],"[1.2824199199676514, 1.2035216093063354, 1.1431554555892944]",True
pilot_plus_tool,pre_mlp,14,sklearn_standardized,user|assistant|tool,0.9229122055674518,0.9229122055674518,0.19725609586613244,1.0986122886681098,True,5499,1401,1833,467,52,True,[],"[1.4534462690353394, 1.3562419414520264, 1.3144547939300537]",True
pilot_plus_tool,pre_mlp,16,cuml_exact_prior,user|assistant|tool,0.9271948608137045,0.9271948608137045,0.18149653145180394,1.0986122886681098,True,5499,1401,1833,467,196,True,[],"[1.0013532638549805, 1.0853594541549683, 1.0404052734375]",True
pilot_plus_tool,pre_mlp,16,sklearn_standardized,user|assistant|tool,0.9314775160599572,0.9314775160599571,0.17700999518310562,1.0986122886681098,True,5499,1401,1833,467,45,True,[],"[1.2054393291473389, 1.2910174131393433, 1.2764297723770142]",True
pilot_plus_tool,pre_mlp,18,cuml_exact_prior,user|assistant|tool,0.9172019985724482,0.9172019985724482,0.2066642550487439,1.0986122886681098,True,5499,1401,1833,467,222,True,[],"[1.0699340105056763, 1.1801788806915283, 1.0726603269577026]",True
pilot_plus_tool,pre_mlp,18,sklearn_standardized,user|assistant|tool,0.9193433261955746,0.9193433261955746,0.19486287418068254,1.0986122886681098,True,5499,1401,1833,467,75,True,[],"[1.3659394979476929, 1.4848297834396362, 1.436988115310669]",True
pilot_plus_tool,block_output,8,cuml_exact_prior,user|assistant|tool,0.8850820842255531,0.885082084225553,0.46015880742821796,1.0986122886681098,True,5499,1401,1833,467,771,True,[],"[0.43329983949661255, 0.40868592262268066, 0.435698926448822]",True
pilot_plus_tool,block_output,8,sklearn_standardized,user|assistant|tool,0.9329050678087081,0.9329050678087082,0.17800589912176423,1.0986122886681098,True,5499,1401,1833,467,49,True,[],"[0.2783222496509552, 0.26527953147888184, 0.27616390585899353]",True
pilot_plus_tool,block_output,10,cuml_exact_prior,user|assistant|tool,0.8729478943611706,0.8729478943611705,0.5240132317793992,1.0986122886681098,True,5499,1401,1833,467,807,True,[],"[0.3401806354522705, 0.3119448721408844, 0.3380548655986786]",True
pilot_plus_tool,block_output,10,sklearn_standardized,user|assistant|tool,0.9114917915774446,0.9114917915774446,0.23760557143974248,1.0986122886681098,True,5499,1401,1833,467,57,True,[],"[0.1510932445526123, 0.1407950073480606, 0.1448935866355896]",True
pilot_plus_tool,block_output,12,cuml_exact_prior,user|assistant|tool,0.880085653104925,0.880085653104925,0.5193210675843163,1.0986122886681098,True,5499,1401,1833,467,879,True,[],"[0.27677392959594727, 0.2601877748966217, 0.27327924966812134]",True
pilot_plus_tool,block_output,12,sklearn_standardized,user|assistant|tool,0.894361170592434,0.8943611705924339,0.29421669810198375,1.0986122886681098,True,5499,1401,1833,467,60,True,[],"[0.09461072832345963, 0.08882290869951248, 0.08985892683267593]",True
pilot_plus_tool,block_output,14,cuml_exact_prior,user|assistant|tool,0.913633119200571,0.9136331192005711,0.41283654955590504,1.0986122886681098,True,5499,1401,1833,467,665,True,[],"[0.17219039797782898, 0.15196162462234497, 0.1598120629787445]",True
pilot_plus_tool,block_output,14,sklearn_standardized,user|assistant|tool,0.900785153461813,0.900785153461813,0.25893323090566156,1.0986122886681098,True,5499,1401,1833,467,55,True,[],"[0.05314784497022629, 0.04914344847202301, 0.04775068908929825]",True
pilot_plus_tool,block_output,16,cuml_exact_prior,user|assistant|tool,0.9150606709493219,0.915060670949322,0.455671046647573,1.0986122886681098,True,5499,1401,1833,467,661,True,[],"[0.07871068269014359, 0.09037730097770691, 0.08958853781223297]",True
pilot_plus_tool,block_output,16,sklearn_standardized,user|assistant|tool,0.913633119200571,0.913633119200571,0.231879583500133,1.0986122886681098,True,5499,1401,1833,467,46,True,[],"[0.025788409635424614, 0.028425579890608788, 0.027807360514998436]",True
pilot_plus_tool,block_output,18,cuml_exact_prior,user|assistant|tool,0.7080656673804425,0.7080656673804425,0.7005787168941192,1.0986122886681098,True,5499,1401,1833,467,3,True,[],"[0.0032286501955240965, 0.002907393965870142, 0.0006962847546674311]",True
pilot_plus_tool,block_output,18,sklearn_standardized,user|assistant|tool,0.9064953604568166,0.9064953604568164,0.24295265297832067,1.0986122886681098,True,5499,1401,1833,467,94,True,[],"[0.01730073243379593, 0.019871972501277924, 0.018232235684990883]",True
pilot_plus_tool_cot,pre_mlp,8,cuml_exact_prior,user|assistant|tool|cot,0.8945396145610278,0.8945396145610278,0.3095890901561555,1.3862943611198906,True,7332,1868,1833,467,196,True,[],"[1.5835041999816895, 1.7533940076828003, 1.6231614351272583, 1.6958123445510864]",True
pilot_plus_tool_cot,pre_mlp,8,sklearn_standardized,user|assistant|tool|cot,0.9004282655246253,0.9004282655246253,0.28403883463803353,1.3862943611198906,True,7332,1868,1833,467,75,True,[],"[2.231945037841797, 2.5313053131103516, 2.421140432357788, 2.55176043510437]",True
pilot_plus_tool_cot,pre_mlp,10,cuml_exact_prior,user|assistant|tool|cot,0.8506423982869379,0.8506423982869379,0.39679206902908903,1.3862943611198906,True,7332,1868,1833,467,209,True,[],"[1.6111633777618408, 1.7677841186523438, 1.5932713747024536, 1.6740838289260864]",True
pilot_plus_tool_cot,pre_mlp,10,sklearn_standardized,user|assistant|tool|cot,0.8501070663811563,0.8501070663811563,0.3980012821173793,1.3862943611198906,True,7332,1868,1833,467,92,True,[],"[2.0841925144195557, 2.3000552654266357, 2.121656656265259, 2.2511017322540283]",True
pilot_plus_tool_cot,pre_mlp,12,cuml_exact_prior,user|assistant|tool|cot,0.8072805139186295,0.8072805139186296,0.5164717448646234,1.3862943611198906,True,7332,1868,1833,467,290,True,[],"[1.6279391050338745, 1.774561882019043, 1.5925644636154175, 1.6765313148498535]",True
pilot_plus_tool_cot,pre_mlp,12,sklearn_standardized,user|assistant|tool|cot,0.7955032119914347,0.7955032119914347,0.552989437319349,1.3862943611198906,True,7332,1868,1833,467,97,True,[],"[1.9935637712478638, 2.171696186065674, 1.983155369758606, 2.1093063354492188]",True
pilot_plus_tool_cot,pre_mlp,14,cuml_exact_prior,user|assistant|tool|cot,0.8163811563169164,0.8163811563169165,0.4577818613866121,1.3862943611198906,True,7332,1868,1833,467,301,True,[],"[1.475386619567871, 1.570783257484436, 1.4639911651611328, 1.5417909622192383]",True
pilot_plus_tool_cot,pre_mlp,14,sklearn_standardized,user|assistant|tool|cot,0.8217344753747323,0.8217344753747324,0.47203481721885243,1.3862943611198906,True,7332,1868,1833,467,87,True,[],"[1.6691126823425293, 1.766425609588623, 1.6966264247894287, 1.7838822603225708]",True
pilot_plus_tool_cot,pre_mlp,16,cuml_exact_prior,user|assistant|tool|cot,0.8206638115631691,0.8206638115631691,0.4139536399243266,1.3862943611198906,True,7332,1868,1833,467,296,True,[],"[1.1824421882629395, 1.4791847467422485, 1.4662232398986816, 1.4741472005844116]",True
pilot_plus_tool_cot,pre_mlp,16,sklearn_standardized,user|assistant|tool|cot,0.815845824411135,0.815845824411135,0.4292621035354106,1.3862943611198906,True,7332,1868,1833,467,106,True,[],"[1.430238962173462, 1.7876306772232056, 1.8334589004516602, 1.8611301183700562]",True
pilot_plus_tool_cot,pre_mlp,18,cuml_exact_prior,user|assistant|tool|cot,0.7601713062098501,0.7601713062098501,0.5364971712949128,1.3862943611198906,True,7332,1868,1833,467,324,True,[],"[1.2717723846435547, 1.5927923917770386, 1.5302881002426147, 1.5424907207489014]",True
pilot_plus_tool_cot,pre_mlp,18,sklearn_standardized,user|assistant|tool|cot,0.7607066381156317,0.7607066381156318,0.5752092499879772,1.3862943611198906,True,7332,1868,1833,467,136,True,[],"[1.6285048723220825, 2.0380349159240723, 2.0883255004882812, 2.12495756149292]",True
pilot_plus_tool_cot,block_output,8,cuml_exact_prior,user|assistant|tool|cot,0.8110278372591007,0.8110278372591007,0.8868309678128878,1.3862943611198906,True,7332,1868,1833,467,1139,True,[],"[0.48828768730163574, 0.5580912232398987, 0.5689027309417725, 0.6025557518005371]",True
pilot_plus_tool_cot,block_output,8,sklearn_standardized,user|assistant|tool|cot,0.8538543897216274,0.8538543897216274,0.38663410061888476,1.3862943611198906,True,7332,1868,1833,467,77,True,[],"[0.3142501413822174, 0.3357089161872864, 0.33381298184394836, 0.3560563027858734]",True
pilot_plus_tool_cot,block_output,10,cuml_exact_prior,user|assistant|tool|cot,0.784796573875803,0.7847965738758029,1.1344828611571813,1.3862943611198906,True,7332,1868,1833,467,1151,True,[],"[0.38504263758659363, 0.43792295455932617, 0.4530644416809082, 0.4781089127063751]",True
pilot_plus_tool_cot,block_output,10,sklearn_standardized,user|assistant|tool|cot,0.8115631691648822,0.8115631691648821,0.5071114578743822,1.3862943611198906,True,7332,1868,1833,467,87,True,[],"[0.17223063111305237, 0.17729899287223816, 0.1757669299840927, 0.18599389493465424]",True
pilot_plus_tool_cot,block_output,12,cuml_exact_prior,user|assistant|tool|cot,0.7548179871520343,0.7548179871520343,1.5332836958116927,1.3862943611198906,False,7332,1868,1833,467,1299,True,[],"[0.3118581771850586, 0.3571603000164032, 0.3724655210971832, 0.39137110114097595]",True
pilot_plus_tool_cot,block_output,12,sklearn_standardized,user|assistant|tool|cot,0.7826552462526767,0.7826552462526767,0.6353476277761835,1.3862943611198906,True,7332,1868,1833,467,89,True,[],"[0.10807353258132935, 0.11199039220809937, 0.11023233830928802, 0.11548446118831635]",True
pilot_plus_tool_cot,block_output,14,cuml_exact_prior,user|assistant|tool|cot,0.800321199143469,0.8003211991434689,1.2186890700672468,1.3862943611198906,True,7332,1868,1833,467,1190,True,[],"[0.20299632847309113, 0.2199864238500595, 0.25254231691360474, 0.2644088864326477]",True
pilot_plus_tool_cot,block_output,14,sklearn_standardized,user|assistant|tool|cot,0.7767665952890792,0.7767665952890792,0.5700573067764831,1.3862943611198906,True,7332,1868,1833,467,93,True,[],"[0.06153099611401558, 0.06464482843875885, 0.06293120980262756, 0.06501226872205734]",True
pilot_plus_tool_cot,block_output,16,cuml_exact_prior,user|assistant|tool|cot,0.7933618843683083,0.7933618843683083,1.3652138234466045,1.3862943611198906,True,7332,1868,1833,467,1210,True,[],"[0.09664896875619888, 0.14405907690525055, 0.17507240176200867, 0.18041640520095825]",True
pilot_plus_tool_cot,block_output,16,sklearn_standardized,user|assistant|tool|cot,0.7938972162740899,0.7938972162740899,0.5116848993558556,1.3862943611198906,True,7332,1868,1833,467,122,True,[],"[0.030661936849355698, 0.039220429956912994, 0.04054272547364235, 0.04112071916460991]",True
pilot_plus_tool_cot,block_output,18,cuml_exact_prior,user|assistant|tool|cot,0.5080299785867237,0.5080299785867237,1.0415914644340716,1.3862943611198906,True,7332,1868,1833,467,3,True,[],"[0.001984473317861557, 0.0014363648369908333, 0.00031714525539427996, 0.0005959817208349705]",True
pilot_plus_tool_cot,block_output,18,sklearn_standardized,user|assistant|tool|cot,0.7285867237687366,0.7285867237687367,0.697581935543111,1.3862943611198906,True,7332,1868,1833,467,141,True,[],"[0.020724765956401825, 0.027736250311136246, 0.027701828628778458, 0.027162684127688408]",True
compact_system_user_cot_assistant,pre_mlp,12,cuml_exact_prior,system|user|cot|assistant,0.7635135135135135,0.7635135135135136,0.6380007589566016,1.3862943611198906,True,18036,4884,4509,1221,331,True,[],"[2.14717960357666, 2.3339672088623047, 2.305112838745117, 2.4079267978668213]",True
compact_system_user_cot_assistant,pre_mlp,12,sklearn_standardized,system|user|cot|assistant,0.7528665028665029,0.7528665028665029,0.7106293460897243,1.3862943611198906,True,18036,4884,4509,1221,94,True,[],"[2.5945446491241455, 2.834284782409668, 2.810375213623047, 2.8988006114959717]",True
compact_system_user_cot_assistant,pre_mlp,16,cuml_exact_prior,system|user|cot|assistant,0.8984438984438985,0.8984438984438985,0.2807817571538322,1.3862943611198906,True,18036,4884,4509,1221,347,True,[],"[1.7594038248062134, 1.566463828086853, 1.950400948524475, 1.9730165004730225]",True
compact_system_user_cot_assistant,pre_mlp,16,sklearn_standardized,system|user|cot|assistant,0.9009009009009009,0.9009009009009009,0.28325688250769765,1.3862943611198906,True,18036,4884,4509,1221,110,True,[],"[2.0836637020111084, 1.9243940114974976, 2.376605749130249, 2.4028737545013428]",True
compact_system_user_cot_assistant,block_output,12,cuml_exact_prior,system|user|cot|assistant,0.7381244881244882,0.738124488124488,2.17215561116285,1.3862943611198906,False,18036,4884,4509,1221,1893,True,[],"[0.5107262134552002, 0.5352059006690979, 0.5508627891540527, 0.5695546269416809]",True
compact_system_user_cot_assistant,block_output,12,sklearn_standardized,system|user|cot|assistant,0.7375102375102375,0.7375102375102376,0.7602847309076435,1.3862943611198906,True,18036,4884,4509,1221,85,True,[],"[0.13336613774299622, 0.1504574418067932, 0.14967915415763855, 0.14609527587890625]",True
compact_system_user_cot_assistant,block_output,16,cuml_exact_prior,system|user|cot|assistant,0.8607698607698607,0.8607698607698608,0.9087578232291735,1.3862943611198906,True,18036,4884,4509,1221,1373,True,[],"[0.17850561439990997, 0.13921432197093964, 0.2036997526884079, 0.20871640741825104]",True
compact_system_user_cot_assistant,block_output,16,sklearn_standardized,system|user|cot|assistant,0.8722358722358723,0.8722358722358723,0.3653962940667761,1.3862943611198906,True,18036,4884,4509,1221,121,True,[],"[0.047610826790332794, 0.04202099144458771, 0.05381619185209274, 0.052891671657562256]",True
