layer_ix,condition,original_role,system,user,cot,assistant
16,all_user_tags,assistant,0.00047881575,0.00016652356,0.036564525,0.9627902
16,all_user_tags,cot,6.531442e-05,0.00030244264,0.9757913,0.023840921
16,all_user_tags,user,0.00010465178,0.67420334,0.008663569,0.3170285
16,correct_tags,assistant,0.00035976534,9.474332e-05,0.011143965,0.98840153
16,correct_tags,cot,0.00010512658,0.00024794636,0.94349974,0.05614713
16,correct_tags,user,5.1523137e-05,0.57866883,0.001160343,0.42011935
16,no_tags,assistant,0.0003149191,9.773491e-05,0.030046152,0.96954125
16,no_tags,cot,6.223395e-05,0.000410298,0.97103477,0.028492734
16,no_tags,user,8.6147425e-05,0.630193,0.0074275197,0.36229336
