prompt_ix,prompt_key,token_ix,token,token_id,base_message_ix,base_message_type,segment_token_ix,sample_ix,seg_ix
0,proper_tags,0,<|startoftext|>,199998,,,,0,
0,proper_tags,1,<|start|>,200006,,,,1,
0,proper_tags,2,system,17360,,,,2,
0,proper_tags,3,<|message|>,200008,,,,3,
0,proper_tags,4,You,3575,0.0,system,1.0,4,0.0
0,proper_tags,5, are,553,0.0,system,2.0,5,0.0
0,proper_tags,6, Chat,17554,0.0,system,3.0,6,0.0
0,proper_tags,7,GPT,162016,0.0,system,4.0,7,0.0
0,proper_tags,8,",",11,0.0,system,5.0,8,0.0
0,proper_tags,9, a,261,0.0,system,6.0,9,0.0
0,proper_tags,10, large,4410,0.0,system,7.0,10,0.0
0,proper_tags,11, language,6439,0.0,system,8.0,11,0.0
0,proper_tags,12, model,2359,0.0,system,9.0,12,0.0
0,proper_tags,13, trained,22203,0.0,system,10.0,13,0.0
0,proper_tags,14, by,656,0.0,system,11.0,14,0.0
0,proper_tags,15, Open,7788,0.0,system,12.0,15,0.0
0,proper_tags,16,AI,17527,0.0,system,13.0,16,0.0
0,proper_tags,17,".
",558,0.0,system,14.0,17,0.0
0,proper_tags,18,Knowledge,87447,0.0,system,15.0,18,0.0
0,proper_tags,19, cutoff,100594,0.0,system,16.0,19,0.0
0,proper_tags,20,:,25,0.0,system,17.0,20,0.0
0,proper_tags,21, ,220,0.0,system,18.0,21,0.0
0,proper_tags,22,202,1323,0.0,system,19.0,22,0.0
0,proper_tags,23,4,19,0.0,system,20.0,23,0.0
0,proper_tags,24,-,12,0.0,system,21.0,24,0.0
0,proper_tags,25,06,3218,0.0,system,22.0,25,0.0
0,proper_tags,26,"
",198,0.0,system,23.0,26,0.0
0,proper_tags,27,Current,6576,0.0,system,24.0,27,0.0
0,proper_tags,28, date,3521,0.0,system,25.0,28,0.0
0,proper_tags,29,:,25,0.0,system,26.0,29,0.0
0,proper_tags,30, ,220,0.0,system,27.0,30,0.0
0,proper_tags,31,202,1323,0.0,system,28.0,31,0.0
0,proper_tags,32,5,20,0.0,system,29.0,32,0.0
0,proper_tags,33,-,12,0.0,system,30.0,33,0.0
0,proper_tags,34,10,702,0.0,system,31.0,34,0.0
0,proper_tags,35,-,12,0.0,system,32.0,35,0.0
0,proper_tags,36,01,2290,0.0,system,33.0,36,0.0
0,proper_tags,37,"

",279,0.0,system,34.0,37,0.0
0,proper_tags,38,Reason,30377,0.0,system,35.0,38,0.0
0,proper_tags,39,ing,289,0.0,system,36.0,39,0.0
0,proper_tags,40,:,25,0.0,system,37.0,40,0.0
0,proper_tags,41, medium,14093,0.0,system,38.0,41,0.0
0,proper_tags,42,"

",279,0.0,system,39.0,42,0.0
0,proper_tags,43,#,2,0.0,system,40.0,43,0.0
0,proper_tags,44, Valid,13888,0.0,system,41.0,44,0.0
0,proper_tags,45, channels,18403,0.0,system,42.0,45,0.0
0,proper_tags,46,:,25,0.0,system,43.0,46,0.0
0,proper_tags,47, analysis,8450,0.0,system,44.0,47,0.0
0,proper_tags,48,",",11,0.0,system,45.0,48,0.0
0,proper_tags,49, commentary,49159,0.0,system,46.0,49,0.0
0,proper_tags,50,",",11,0.0,system,47.0,50,0.0
0,proper_tags,51, final,1721,0.0,system,48.0,51,0.0
0,proper_tags,52,.,13,0.0,system,49.0,52,0.0
0,proper_tags,53, Channel,21030,0.0,system,50.0,53,0.0
0,proper_tags,54, must,2804,0.0,system,51.0,54,0.0
0,proper_tags,55, be,413,0.0,system,52.0,55,0.0
0,proper_tags,56, included,7360,0.0,system,53.0,56,0.0
0,proper_tags,57, for,395,0.0,system,54.0,57,0.0
0,proper_tags,58, every,1753,0.0,system,55.0,58,0.0
0,proper_tags,59, message,3176,0.0,system,56.0,59,0.0
0,proper_tags,60,.,13,0.0,system,57.0,60,0.0
0,proper_tags,61,<|end|>,200007,,,,61,
0,proper_tags,62,<|start|>,200006,,,,62,
0,proper_tags,63,user,1428,,,,63,
0,proper_tags,64,<|message|>,200008,,,,64,
0,proper_tags,65,Hi,12194,1.0,user,1.0,65,1.0
0,proper_tags,66,!,0,1.0,user,2.0,66,1.0
0,proper_tags,67, I'm,5477,1.0,user,3.0,67,1.0
0,proper_tags,68, sketch,37890,1.0,user,4.0,68,1.0
0,proper_tags,69,ing,289,1.0,user,5.0,69,1.0
0,proper_tags,70, a,261,1.0,user,6.0,70,1.0
0,proper_tags,71, M,391,1.0,user,7.0,71,1.0
0,proper_tags,72,ATS,42222,1.0,user,8.0,72,1.0
0,proper_tags,73, project,2993,1.0,user,9.0,73,1.0
0,proper_tags,74, to,316,1.0,user,10.0,74,1.0
0,proper_tags,75, discuss,5381,1.0,user,11.0,75,1.0
0,proper_tags,76, with,483,1.0,user,12.0,76,1.0
0,proper_tags,77, Ne,4475,1.0,user,13.0,77,1.0
0,proper_tags,78,el,296,1.0,user,14.0,78,1.0
0,proper_tags,79,.,13,1.0,user,15.0,79,1.0
0,proper_tags,80, I,357,1.0,user,16.0,80,1.0
0,proper_tags,81, have,679,1.0,user,17.0,81,1.0
0,proper_tags,82, ideas,7865,1.0,user,18.0,82,1.0
0,proper_tags,83, about,1078,1.0,user,19.0,83,1.0
0,proper_tags,84, role,5430,1.0,user,20.0,84,1.0
0,proper_tags,85, probes,127387,1.0,user,21.0,85,1.0
0,proper_tags,86,",",11,1.0,user,22.0,86,1.0
0,proper_tags,87, steering,49066,1.0,user,23.0,87,1.0
0,proper_tags,88, vectors,52254,1.0,user,24.0,88,1.0
0,proper_tags,89,",",11,1.0,user,25.0,89,1.0
0,proper_tags,90, and,326,1.0,user,26.0,90,1.0
0,proper_tags,91, agent,11793,1.0,user,27.0,91,1.0
0,proper_tags,92, behavior,12741,1.0,user,28.0,92,1.0
0,proper_tags,93,",",11,1.0,user,29.0,93,1.0
0,proper_tags,94, but,889,1.0,user,30.0,94,1.0
0,proper_tags,95, the,290,1.0,user,31.0,95,1.0
0,proper_tags,96, plan,3496,1.0,user,32.0,96,1.0
0,proper_tags,97, feels,16591,1.0,user,33.0,97,1.0
0,proper_tags,98, scattered,67096,1.0,user,34.0,98,1.0
0,proper_tags,99,.,13,1.0,user,35.0,99,1.0
0,proper_tags,100, How,3253,1.0,user,36.0,100,1.0
0,proper_tags,101, can,665,1.0,user,37.0,101,1.0
0,proper_tags,102, I,357,1.0,user,38.0,102,1.0
0,proper_tags,103, turn,3716,1.0,user,39.0,103,1.0
0,proper_tags,104, these,1879,1.0,user,40.0,104,1.0
0,proper_tags,105, into,1511,1.0,user,41.0,105,1.0
0,proper_tags,106, one,1001,1.0,user,42.0,106,1.0
0,proper_tags,107, useful,8316,1.0,user,43.0,107,1.0
0,proper_tags,108, research,4176,1.0,user,44.0,108,1.0
0,proper_tags,109, question,4928,1.0,user,45.0,109,1.0
0,proper_tags,110,?,30,1.0,user,46.0,110,1.0
0,proper_tags,111,<|end|>,200007,,,,111,
0,proper_tags,112,<|start|>,200006,,,,112,
0,proper_tags,113,assistant,173781,,,,113,
0,proper_tags,114,<|channel|>,200005,,,,114,
0,proper_tags,115,analysis,35644,,,,115,
0,proper_tags,116,<|message|>,200008,,,,116,
0,proper_tags,117,The,976,2.0,cot,1.0,117,2.0
0,proper_tags,118, user,1825,2.0,cot,2.0,118,2.0
0,proper_tags,119, wants,10648,2.0,cot,3.0,119,2.0
0,proper_tags,120, help,1652,2.0,cot,4.0,120,2.0
0,proper_tags,121, narrowing,173036,2.0,cot,5.0,121,2.0
0,proper_tags,122, a,261,2.0,cot,6.0,122,2.0
0,proper_tags,123, research,4176,2.0,cot,7.0,123,2.0
0,proper_tags,124, plan,3496,2.0,cot,8.0,124,2.0
0,proper_tags,125,",",11,2.0,cot,9.0,125,2.0
0,proper_tags,126, rather,7542,2.0,cot,10.0,126,2.0
0,proper_tags,127, than,1572,2.0,cot,11.0,127,2.0
0,proper_tags,128, a,261,2.0,cot,12.0,128,2.0
0,proper_tags,129, list,1562,2.0,cot,13.0,129,2.0
0,proper_tags,130, of,328,2.0,cot,14.0,130,2.0
0,proper_tags,131, additional,6623,2.0,cot,15.0,131,2.0
0,proper_tags,132, techniques,12905,2.0,cot,16.0,132,2.0
0,proper_tags,133,.,13,2.0,cot,17.0,133,2.0
0,proper_tags,134, I,357,2.0,cot,18.0,134,2.0
0,proper_tags,135, should,1757,2.0,cot,19.0,135,2.0
0,proper_tags,136, begin,4252,2.0,cot,20.0,136,2.0
0,proper_tags,137, with,483,2.0,cot,21.0,137,2.0
0,proper_tags,138, the,290,2.0,cot,22.0,138,2.0
0,proper_tags,139, decision,8660,2.0,cot,23.0,139,2.0
0,proper_tags,140, the,290,2.0,cot,24.0,140,2.0
0,proper_tags,141, project,2993,2.0,cot,25.0,141,2.0
0,proper_tags,142, could,2023,2.0,cot,26.0,142,2.0
0,proper_tags,143, change,3343,2.0,cot,27.0,143,2.0
0,proper_tags,144,.,13,2.0,cot,28.0,144,2.0
0,proper_tags,145, Role,24128,2.0,cot,29.0,145,2.0
0,proper_tags,146, classification,39594,2.0,cot,30.0,146,2.0
0,proper_tags,147, and,326,2.0,cot,31.0,147,2.0
0,proper_tags,148, behavior,12741,2.0,cot,32.0,148,2.0
0,proper_tags,149, are,553,2.0,cot,33.0,149,2.0
0,proper_tags,150, related,7168,2.0,cot,34.0,150,2.0
0,proper_tags,151, questions,5359,2.0,cot,35.0,151,2.0
0,proper_tags,152,",",11,2.0,cot,36.0,152,2.0
0,proper_tags,153, but,889,2.0,cot,37.0,153,2.0
0,proper_tags,154, a,261,2.0,cot,38.0,154,2.0
0,proper_tags,155, probe,31925,2.0,cot,39.0,155,2.0
0,proper_tags,156, score,8429,2.0,cot,40.0,156,2.0
0,proper_tags,157, alone,11238,2.0,cot,41.0,157,2.0
0,proper_tags,158, cannot,6284,2.0,cot,42.0,158,2.0
0,proper_tags,159, settle,36551,2.0,cot,43.0,159,2.0
0,proper_tags,160, whether,5588,2.0,cot,44.0,160,2.0
0,proper_tags,161, an,448,2.0,cot,45.0,161,2.0
0,proper_tags,162, agent,11793,2.0,cot,46.0,162,2.0
0,proper_tags,163, follows,18183,2.0,cot,47.0,163,2.0
0,proper_tags,164, a,261,2.0,cot,48.0,164,2.0
0,proper_tags,165, command,6348,2.0,cot,49.0,165,2.0
0,proper_tags,166,.,13,2.0,cot,50.0,166,2.0
0,proper_tags,167, A,355,2.0,cot,51.0,167,2.0
0,proper_tags,168, concrete,19230,2.0,cot,52.0,168,2.0
0,proper_tags,169, first,1577,2.0,cot,53.0,169,2.0
0,proper_tags,170, step,5983,2.0,cot,54.0,170,2.0
0,proper_tags,171, is,382,2.0,cot,55.0,171,2.0
0,proper_tags,172, to,316,2.0,cot,56.0,172,2.0
0,proper_tags,173, choose,5655,2.0,cot,57.0,173,2.0
0,proper_tags,174, one,1001,2.0,cot,58.0,174,2.0
0,proper_tags,175, behavior,12741,2.0,cot,59.0,175,2.0
0,proper_tags,176,",",11,2.0,cot,60.0,176,2.0
0,proper_tags,177, identify,11410,2.0,cot,61.0,177,2.0
0,proper_tags,178, two,1920,2.0,cot,62.0,178,2.0
0,proper_tags,179, explanations,69457,2.0,cot,63.0,179,2.0
0,proper_tags,180,",",11,2.0,cot,64.0,180,2.0
0,proper_tags,181, and,326,2.0,cot,65.0,181,2.0
0,proper_tags,182, design,2364,2.0,cot,66.0,182,2.0
0,proper_tags,183, a,261,2.0,cot,67.0,183,2.0
0,proper_tags,184, comparison,19211,2.0,cot,68.0,184,2.0
0,proper_tags,185, that,484,2.0,cot,69.0,185,2.0
0,proper_tags,186, separates,107131,2.0,cot,70.0,186,2.0
0,proper_tags,187, them,1373,2.0,cot,71.0,187,2.0
0,proper_tags,188,.,13,2.0,cot,72.0,188,2.0
0,proper_tags,189, I,357,2.0,cot,73.0,189,2.0
0,proper_tags,190, should,1757,2.0,cot,74.0,190,2.0
0,proper_tags,191, keep,3357,2.0,cot,75.0,191,2.0
0,proper_tags,192, the,290,2.0,cot,76.0,192,2.0
0,proper_tags,193, example,4994,2.0,cot,77.0,193,2.0
0,proper_tags,194, small,3291,2.0,cot,78.0,194,2.0
0,proper_tags,195, enough,4951,2.0,cot,79.0,195,2.0
0,proper_tags,196, to,316,2.0,cot,80.0,196,2.0
0,proper_tags,197, understand,4218,2.0,cot,81.0,197,2.0
0,proper_tags,198, while,2049,2.0,cot,82.0,198,2.0
0,proper_tags,199, explaining,45379,2.0,cot,83.0,199,2.0
0,proper_tags,200, how,1495,2.0,cot,84.0,200,2.0
0,proper_tags,201, a,261,2.0,cot,85.0,201,2.0
0,proper_tags,202, later,4849,2.0,cot,86.0,202,2.0
0,proper_tags,203, evaluation,21407,2.0,cot,87.0,203,2.0
0,proper_tags,204, would,1481,2.0,cot,88.0,204,2.0
0,proper_tags,205, test,1746,2.0,cot,89.0,205,2.0
0,proper_tags,206, whether,5588,2.0,cot,90.0,206,2.0
0,proper_tags,207, it,480,2.0,cot,91.0,207,2.0
0,proper_tags,208, extends,3658,2.0,cot,92.0,208,2.0
0,proper_tags,209, beyond,11615,2.0,cot,93.0,209,2.0
0,proper_tags,210, the,290,2.0,cot,94.0,210,2.0
0,proper_tags,211, initial,4871,2.0,cot,95.0,211,2.0
0,proper_tags,212, case,1890,2.0,cot,96.0,212,2.0
0,proper_tags,213,.,13,2.0,cot,97.0,213,2.0
0,proper_tags,214,<|end|>,200007,,,,214,
0,proper_tags,215,<|start|>,200006,,,,215,
0,proper_tags,216,assistant,173781,,,,216,
0,proper_tags,217,<|channel|>,200005,,,,217,
0,proper_tags,218,final,17196,,,,218,
0,proper_tags,219,<|message|>,200008,,,,219,
0,proper_tags,220,Start,4459,3.0,assistant,1.0,220,3.0
0,proper_tags,221, with,483,3.0,assistant,2.0,221,3.0
0,proper_tags,222, a,261,3.0,assistant,3.0,222,3.0
0,proper_tags,223, question,4928,3.0,assistant,4.0,223,3.0
0,proper_tags,224, that,484,3.0,assistant,5.0,224,3.0
0,proper_tags,225, connects,47599,3.0,assistant,6.0,225,3.0
0,proper_tags,226, a,261,3.0,assistant,7.0,226,3.0
0,proper_tags,227, measurement,27666,3.0,assistant,8.0,227,3.0
0,proper_tags,228, to,316,3.0,assistant,9.0,228,3.0
0,proper_tags,229, a,261,3.0,assistant,10.0,229,3.0
0,proper_tags,230, decision,8660,3.0,assistant,11.0,230,3.0
0,proper_tags,231,:,25,3.0,assistant,12.0,231,3.0
0,proper_tags,232, does,2226,3.0,assistant,13.0,232,3.0
0,proper_tags,233, changing,13784,3.0,assistant,14.0,233,3.0
0,proper_tags,234, a,261,3.0,assistant,15.0,234,3.0
0,proper_tags,235, message,3176,3.0,assistant,16.0,235,3.0
0,proper_tags,236,'s,885,3.0,assistant,17.0,236,3.0
0,proper_tags,237, role,5430,3.0,assistant,18.0,237,3.0
0,proper_tags,238, label,4208,3.0,assistant,19.0,238,3.0
0,proper_tags,239, change,3343,3.0,assistant,20.0,239,3.0
0,proper_tags,240, which,1118,3.0,assistant,21.0,240,3.0
0,proper_tags,241, instruction,21179,3.0,assistant,22.0,241,3.0
0,proper_tags,242, the,290,3.0,assistant,23.0,242,3.0
0,proper_tags,243, assistant,29186,3.0,assistant,24.0,243,3.0
0,proper_tags,244, follows,18183,3.0,assistant,25.0,244,3.0
0,proper_tags,245,?,30,3.0,assistant,26.0,245,3.0
0,proper_tags,246, Write,16465,3.0,assistant,27.0,246,3.0
0,proper_tags,247, down,1917,3.0,assistant,28.0,247,3.0
0,proper_tags,248, one,1001,3.0,assistant,29.0,248,3.0
0,proper_tags,249, ordinary,30633,3.0,assistant,30.0,249,3.0
0,proper_tags,250, task,5296,3.0,assistant,31.0,250,3.0
0,proper_tags,251,",",11,3.0,assistant,32.0,251,3.0
0,proper_tags,252, one,1001,3.0,assistant,33.0,252,3.0
0,proper_tags,253, conflicting,103913,3.0,assistant,34.0,253,3.0
0,proper_tags,254, instruction,21179,3.0,assistant,35.0,254,3.0
0,proper_tags,255,",",11,3.0,assistant,36.0,255,3.0
0,proper_tags,256, and,326,3.0,assistant,37.0,256,3.0
0,proper_tags,257, the,290,3.0,assistant,38.0,257,3.0
0,proper_tags,258, behavior,12741,3.0,assistant,39.0,258,3.0
0,proper_tags,259, you,481,3.0,assistant,40.0,259,3.0
0,proper_tags,260, will,738,3.0,assistant,41.0,260,3.0
0,proper_tags,261, score,8429,3.0,assistant,42.0,261,3.0
0,proper_tags,262,.,13,3.0,assistant,43.0,262,3.0
0,proper_tags,263, Then,7801,3.0,assistant,44.0,263,3.0
0,proper_tags,264, compare,12221,3.0,assistant,45.0,264,3.0
0,proper_tags,265, the,290,3.0,assistant,46.0,265,3.0
0,proper_tags,266, same,2684,3.0,assistant,47.0,266,3.0
0,proper_tags,267, text,2201,3.0,assistant,48.0,267,3.0
0,proper_tags,268, under,1641,3.0,assistant,49.0,268,3.0
0,proper_tags,269, different,2647,3.0,assistant,50.0,269,3.0
0,proper_tags,270, labels,17125,3.0,assistant,51.0,270,3.0
0,proper_tags,271, while,2049,3.0,assistant,52.0,271,3.0
0,proper_tags,272, keeping,13958,3.0,assistant,53.0,272,3.0
0,proper_tags,273, the,290,3.0,assistant,54.0,273,3.0
0,proper_tags,274, rest,2867,3.0,assistant,55.0,274,3.0
0,proper_tags,275, of,328,3.0,assistant,56.0,275,3.0
0,proper_tags,276, the,290,3.0,assistant,57.0,276,3.0
0,proper_tags,277, conversation,15681,3.0,assistant,58.0,277,3.0
0,proper_tags,278, fixed,13213,3.0,assistant,59.0,278,3.0
0,proper_tags,279,.,13,3.0,assistant,60.0,279,3.0
0,proper_tags,280, Use,7649,3.0,assistant,61.0,280,3.0
0,proper_tags,281, the,290,3.0,assistant,62.0,281,3.0
0,proper_tags,282, probe,31925,3.0,assistant,63.0,282,3.0
0,proper_tags,283, to,316,3.0,assistant,64.0,283,3.0
0,proper_tags,284, describe,12886,3.0,assistant,65.0,284,3.0
0,proper_tags,285, the,290,3.0,assistant,66.0,285,3.0
0,proper_tags,286, internal,8812,3.0,assistant,67.0,286,3.0
0,proper_tags,287, change,3343,3.0,assistant,68.0,287,3.0
0,proper_tags,288,",",11,3.0,assistant,69.0,288,3.0
0,proper_tags,289, and,326,3.0,assistant,70.0,289,3.0
0,proper_tags,290, inspect,36665,3.0,assistant,71.0,290,3.0
0,proper_tags,291, the,290,3.0,assistant,72.0,291,3.0
0,proper_tags,292, answer,6052,3.0,assistant,73.0,292,3.0
0,proper_tags,293, separately,37741,3.0,assistant,74.0,293,3.0
0,proper_tags,294, to,316,3.0,assistant,75.0,294,3.0
0,proper_tags,295, measure,9714,3.0,assistant,76.0,295,3.0
0,proper_tags,296, behavior,12741,3.0,assistant,77.0,296,3.0
0,proper_tags,297,.,13,3.0,assistant,78.0,297,3.0
0,proper_tags,298, Your,4886,3.0,assistant,79.0,298,3.0
0,proper_tags,299, first,1577,3.0,assistant,80.0,299,3.0
0,proper_tags,300, deliver,7000,3.0,assistant,81.0,300,3.0
0,proper_tags,301,able,562,3.0,assistant,82.0,301,3.0
0,proper_tags,302, can,665,3.0,assistant,83.0,302,3.0
0,proper_tags,303, be,413,3.0,assistant,84.0,303,3.0
0,proper_tags,304, a,261,3.0,assistant,85.0,304,3.0
0,proper_tags,305, single,4590,3.0,assistant,86.0,305,3.0
0,proper_tags,306, transparent,27793,3.0,assistant,87.0,306,3.0
0,proper_tags,307, comparison,19211,3.0,assistant,88.0,307,3.0
0,proper_tags,308, with,483,3.0,assistant,89.0,308,3.0
0,proper_tags,309, two,1920,3.0,assistant,90.0,309,3.0
0,proper_tags,310, plausible,120152,3.0,assistant,91.0,310,3.0
0,proper_tags,311, explanations,69457,3.0,assistant,92.0,311,3.0
0,proper_tags,312, and,326,3.0,assistant,93.0,312,3.0
0,proper_tags,313, one,1001,3.0,assistant,94.0,313,3.0
0,proper_tags,314, control,3580,3.0,assistant,95.0,314,3.0
0,proper_tags,315, that,484,3.0,assistant,96.0,315,3.0
0,proper_tags,316, distinguishes,189092,3.0,assistant,97.0,316,3.0
0,proper_tags,317, them,1373,3.0,assistant,98.0,317,3.0
0,proper_tags,318,.,13,3.0,assistant,99.0,318,3.0
0,proper_tags,319, Expand,81299,3.0,assistant,100.0,319,3.0
0,proper_tags,320, the,290,3.0,assistant,101.0,320,3.0
0,proper_tags,321, sample,10176,3.0,assistant,102.0,321,3.0
0,proper_tags,322, after,1934,3.0,assistant,103.0,322,3.0
0,proper_tags,323, the,290,3.0,assistant,104.0,323,3.0
0,proper_tags,324, task,5296,3.0,assistant,105.0,324,3.0
0,proper_tags,325, and,326,3.0,assistant,106.0,325,3.0
0,proper_tags,326, measurement,27666,3.0,assistant,107.0,326,3.0
0,proper_tags,327, are,553,3.0,assistant,108.0,327,3.0
0,proper_tags,328, working,4113,3.0,assistant,109.0,328,3.0
0,proper_tags,329,.,13,3.0,assistant,110.0,329,3.0
0,proper_tags,330,<|end|>,200007,,,,330,
0,proper_tags,331,<|start|>,200006,,,,331,
0,proper_tags,332,user,1428,,,,332,
0,proper_tags,333,<|message|>,200008,,,,333,
0,proper_tags,334,Thanks,14897,4.0,user,1.0,334,4.0
0,proper_tags,335,!,0,4.0,user,2.0,335,4.0
0,proper_tags,336, How,3253,4.0,user,3.0,336,4.0
0,proper_tags,337, would,1481,4.0,user,4.0,337,4.0
0,proper_tags,338, I,357,4.0,user,5.0,338,4.0
0,proper_tags,339, explain,16644,4.0,user,6.0,339,4.0
0,proper_tags,340, this,495,4.0,user,7.0,340,4.0
0,proper_tags,341, choice,7158,4.0,user,8.0,341,4.0
0,proper_tags,342, in,306,4.0,user,9.0,342,4.0
0,proper_tags,343, the,290,4.0,user,10.0,343,4.0
0,proper_tags,344, M,391,4.0,user,11.0,344,4.0
0,proper_tags,345,ATS,42222,4.0,user,12.0,345,4.0
0,proper_tags,346, write,5067,4.0,user,13.0,346,4.0
0,proper_tags,347,-up,7288,4.0,user,14.0,347,4.0
0,proper_tags,348, without,2935,4.0,user,15.0,348,4.0
0,proper_tags,349, making,4137,4.0,user,16.0,349,4.0
0,proper_tags,350, a,261,4.0,user,17.0,350,4.0
0,proper_tags,351, tiny,20049,4.0,user,18.0,351,4.0
0,proper_tags,352, example,4994,4.0,user,19.0,352,4.0
0,proper_tags,353, sound,7351,4.0,user,20.0,353,4.0
0,proper_tags,354, more,945,4.0,user,21.0,354,4.0
0,proper_tags,355, con,406,4.0,user,22.0,355,4.0
0,proper_tags,356,clusive,23591,4.0,user,23.0,356,4.0
0,proper_tags,357, than,1572,4.0,user,24.0,357,4.0
0,proper_tags,358, it,480,4.0,user,25.0,358,4.0
0,proper_tags,359, is,382,4.0,user,26.0,359,4.0
0,proper_tags,360,?,30,4.0,user,27.0,360,4.0
0,proper_tags,361, I'd,18754,4.0,user,28.0,361,4.0
0,proper_tags,362, like,1299,4.0,user,29.0,362,4.0
0,proper_tags,363, the,290,4.0,user,30.0,363,4.0
0,proper_tags,364, reader,10958,4.0,user,31.0,364,4.0
0,proper_tags,365, to,316,4.0,user,32.0,365,4.0
0,proper_tags,366, understand,4218,4.0,user,33.0,366,4.0
0,proper_tags,367, why,4436,4.0,user,34.0,367,4.0
0,proper_tags,368, this,495,4.0,user,35.0,368,4.0
0,proper_tags,369, was,673,4.0,user,36.0,369,4.0
0,proper_tags,370, a,261,4.0,user,37.0,370,4.0
0,proper_tags,371, sensible,45493,4.0,user,38.0,371,4.0
0,proper_tags,372, place,2475,4.0,user,39.0,372,4.0
0,proper_tags,373, to,316,4.0,user,40.0,373,4.0
0,proper_tags,374, start,1604,4.0,user,41.0,374,4.0
0,proper_tags,375,.,13,4.0,user,42.0,375,4.0
0,proper_tags,376,<|end|>,200007,,,,376,
0,proper_tags,377,<|start|>,200006,,,,377,
0,proper_tags,378,assistant,173781,,,,378,
0,proper_tags,379,<|channel|>,200005,,,,379,
0,proper_tags,380,analysis,35644,,,,380,
0,proper_tags,381,<|message|>,200008,,,,381,
0,proper_tags,382,The,976,5.0,cot,1.0,382,5.0
0,proper_tags,383, user,1825,5.0,cot,2.0,383,5.0
0,proper_tags,384, now,1954,5.0,cot,3.0,384,5.0
0,proper_tags,385, needs,4414,5.0,cot,4.0,385,5.0
0,proper_tags,386, language,6439,5.0,cot,5.0,386,5.0
0,proper_tags,387, that,484,5.0,cot,6.0,387,5.0
0,proper_tags,388, connects,47599,5.0,cot,7.0,388,5.0
0,proper_tags,389, a,261,5.0,cot,8.0,389,5.0
0,proper_tags,390, small,3291,5.0,cot,9.0,390,5.0
0,proper_tags,391, exploratory,198889,5.0,cot,10.0,391,5.0
0,proper_tags,392, comparison,19211,5.0,cot,11.0,392,5.0
0,proper_tags,393, to,316,5.0,cot,12.0,393,5.0
0,proper_tags,394, a,261,5.0,cot,13.0,394,5.0
0,proper_tags,395, larger,12384,5.0,cot,14.0,395,5.0
0,proper_tags,396, research,4176,5.0,cot,15.0,396,5.0
0,proper_tags,397, aim,11773,5.0,cot,16.0,397,5.0
0,proper_tags,398,.,13,5.0,cot,17.0,398,5.0
0,proper_tags,399, I,357,5.0,cot,18.0,399,5.0
0,proper_tags,400, should,1757,5.0,cot,19.0,400,5.0
0,proper_tags,401, distinguish,59938,5.0,cot,20.0,401,5.0
0,proper_tags,402, why,4436,5.0,cot,21.0,402,5.0
0,proper_tags,403, the,290,5.0,cot,22.0,403,5.0
0,proper_tags,404, example,4994,5.0,cot,23.0,404,5.0
0,proper_tags,405, is,382,5.0,cot,24.0,405,5.0
0,proper_tags,406, informative,36918,5.0,cot,25.0,406,5.0
0,proper_tags,407, from,591,5.0,cot,26.0,407,5.0
0,proper_tags,408, how,1495,5.0,cot,27.0,408,5.0
0,proper_tags,409, broadly,84784,5.0,cot,28.0,409,5.0
0,proper_tags,410, it,480,5.0,cot,29.0,410,5.0
0,proper_tags,411, general,5985,5.0,cot,30.0,411,5.0
0,proper_tags,412,izes,6370,5.0,cot,31.0,412,5.0
0,proper_tags,413,.,13,5.0,cot,32.0,413,5.0
0,proper_tags,414, A,355,5.0,cot,33.0,414,5.0
0,proper_tags,415, small,3291,5.0,cot,34.0,415,5.0
0,proper_tags,416, case,1890,5.0,cot,35.0,416,5.0
0,proper_tags,417, can,665,5.0,cot,36.0,417,5.0
0,proper_tags,418, establish,12791,5.0,cot,37.0,418,5.0
0,proper_tags,419, that,484,5.0,cot,38.0,419,5.0
0,proper_tags,420, a,261,5.0,cot,39.0,420,5.0
0,proper_tags,421, pattern,8302,5.0,cot,40.0,421,5.0
0,proper_tags,422, exists,13031,5.0,cot,41.0,422,5.0
0,proper_tags,423, in,306,5.0,cot,42.0,423,5.0
0,proper_tags,424, that,484,5.0,cot,43.0,424,5.0
0,proper_tags,425, case,1890,5.0,cot,44.0,425,5.0
0,proper_tags,426, and,326,5.0,cot,45.0,426,5.0
0,proper_tags,427, expose,49768,5.0,cot,46.0,427,5.0
0,proper_tags,428, bugs,39184,5.0,cot,47.0,428,5.0
0,proper_tags,429, in,306,5.0,cot,48.0,429,5.0
0,proper_tags,430, the,290,5.0,cot,49.0,430,5.0
0,proper_tags,431, measurement,27666,5.0,cot,50.0,431,5.0
0,proper_tags,432,.,13,5.0,cot,51.0,432,5.0
0,proper_tags,433, It,1225,5.0,cot,52.0,433,5.0
0,proper_tags,434, cannot,6284,5.0,cot,53.0,434,5.0
0,proper_tags,435, estimate,24572,5.0,cot,54.0,435,5.0
0,proper_tags,436, the,290,5.0,cot,55.0,436,5.0
0,proper_tags,437, frequency,19813,5.0,cot,56.0,437,5.0
0,proper_tags,438, of,328,5.0,cot,57.0,438,5.0
0,proper_tags,439, the,290,5.0,cot,58.0,439,5.0
0,proper_tags,440, pattern,8302,5.0,cot,59.0,440,5.0
0,proper_tags,441, across,5251,5.0,cot,60.0,441,5.0
0,proper_tags,442, tasks,13638,5.0,cot,61.0,442,5.0
0,proper_tags,443,.,13,5.0,cot,62.0,443,5.0
0,proper_tags,444, The,623,5.0,cot,63.0,444,5.0
0,proper_tags,445, answer,6052,5.0,cot,64.0,445,5.0
0,proper_tags,446, should,1757,5.0,cot,65.0,446,5.0
0,proper_tags,447, therefore,12880,5.0,cot,66.0,447,5.0
0,proper_tags,448, put,3006,5.0,cot,67.0,448,5.0
0,proper_tags,449, the,290,5.0,cot,68.0,449,5.0
0,proper_tags,450, question,4928,5.0,cot,69.0,450,5.0
0,proper_tags,451, and,326,5.0,cot,70.0,451,5.0
0,proper_tags,452, comparison,19211,5.0,cot,71.0,452,5.0
0,proper_tags,453, first,1577,5.0,cot,72.0,453,5.0
0,proper_tags,454,",",11,5.0,cot,73.0,454,5.0
0,proper_tags,455, describe,12886,5.0,cot,74.0,455,5.0
0,proper_tags,456, the,290,5.0,cot,75.0,456,5.0
0,proper_tags,457, observed,20395,5.0,cot,76.0,457,5.0
0,proper_tags,458, result,1534,5.0,cot,77.0,458,5.0
0,proper_tags,459, only,1606,5.0,cot,78.0,459,5.0
0,proper_tags,460, after,1934,5.0,cot,79.0,460,5.0
0,proper_tags,461, it,480,5.0,cot,80.0,461,5.0
0,proper_tags,462, is,382,5.0,cot,81.0,462,5.0
0,proper_tags,463, measured,26489,5.0,cot,82.0,463,5.0
0,proper_tags,464,",",11,5.0,cot,83.0,464,5.0
0,proper_tags,465, and,326,5.0,cot,84.0,465,5.0
0,proper_tags,466, make,1520,5.0,cot,85.0,466,5.0
0,proper_tags,467, the,290,5.0,cot,86.0,467,5.0
0,proper_tags,468, next,2613,5.0,cot,87.0,468,5.0
0,proper_tags,469, test,1746,5.0,cot,88.0,469,5.0
0,proper_tags,470, follow,2622,5.0,cot,89.0,470,5.0
0,proper_tags,471, from,591,5.0,cot,90.0,471,5.0
0,proper_tags,472, the,290,5.0,cot,91.0,472,5.0
0,proper_tags,473, remaining,15448,5.0,cot,92.0,473,5.0
0,proper_tags,474, uncertainty,44942,5.0,cot,93.0,474,5.0
0,proper_tags,475,.,13,5.0,cot,94.0,475,5.0
0,proper_tags,476,<|end|>,200007,,,,476,
0,proper_tags,477,<|start|>,200006,,,,477,
0,proper_tags,478,assistant,173781,,,,478,
0,proper_tags,479,<|channel|>,200005,,,,479,
0,proper_tags,480,final,17196,,,,480,
0,proper_tags,481,<|message|>,200008,,,,481,
0,proper_tags,482,Explain,176289,6.0,assistant,1.0,482,6.0
0,proper_tags,483, the,290,6.0,assistant,2.0,483,6.0
0,proper_tags,484, purpose,9676,6.0,assistant,3.0,484,6.0
0,proper_tags,485, of,328,6.0,assistant,4.0,485,6.0
0,proper_tags,486, the,290,6.0,assistant,5.0,486,6.0
0,proper_tags,487, example,4994,6.0,assistant,6.0,487,6.0
0,proper_tags,488, before,2254,6.0,assistant,7.0,488,6.0
0,proper_tags,489, describing,42904,6.0,assistant,8.0,489,6.0
0,proper_tags,490, its,1617,6.0,assistant,9.0,490,6.0
0,proper_tags,491, outcome,24192,6.0,assistant,10.0,491,6.0
0,proper_tags,492,.,13,6.0,assistant,11.0,492,6.0
0,proper_tags,493, For,2214,6.0,assistant,12.0,493,6.0
0,proper_tags,494, instance,4934,6.0,assistant,13.0,494,6.0
0,proper_tags,495,:,25,6.0,assistant,14.0,495,6.0
0,proper_tags,496, we,581,6.0,assistant,15.0,496,6.0
0,proper_tags,497, begin,4252,6.0,assistant,16.0,497,6.0
0,proper_tags,498, with,483,6.0,assistant,17.0,498,6.0
0,proper_tags,499, one,1001,6.0,assistant,18.0,499,6.0
0,proper_tags,500, controlled,23006,6.0,assistant,19.0,500,6.0
0,proper_tags,501, conversation,15681,6.0,assistant,20.0,501,6.0
0,proper_tags,502, to,316,6.0,assistant,21.0,502,6.0
0,proper_tags,503, make,1520,6.0,assistant,22.0,503,6.0
0,proper_tags,504, the,290,6.0,assistant,23.0,504,6.0
0,proper_tags,505, input,3422,6.0,assistant,24.0,505,6.0
0,proper_tags,506,",",11,6.0,assistant,25.0,506,6.0
0,proper_tags,507, measurement,27666,6.0,assistant,26.0,507,6.0
0,proper_tags,508,",",11,6.0,assistant,27.0,508,6.0
0,proper_tags,509, and,326,6.0,assistant,28.0,509,6.0
0,proper_tags,510, competing,45386,6.0,assistant,29.0,510,6.0
0,proper_tags,511, explanations,69457,6.0,assistant,30.0,511,6.0
0,proper_tags,512, easy,4224,6.0,assistant,31.0,512,6.0
0,proper_tags,513, to,316,6.0,assistant,32.0,513,6.0
0,proper_tags,514, inspect,36665,6.0,assistant,33.0,514,6.0
0,proper_tags,515,.,13,6.0,assistant,34.0,515,6.0
0,proper_tags,516, The,623,6.0,assistant,35.0,516,6.0
0,proper_tags,517, example,4994,6.0,assistant,36.0,517,6.0
0,proper_tags,518, tests,10742,6.0,assistant,37.0,518,6.0
0,proper_tags,519, whether,5588,6.0,assistant,38.0,519,6.0
0,proper_tags,520, our,1039,6.0,assistant,39.0,520,6.0
0,proper_tags,521, pipeline,29412,6.0,assistant,40.0,521,6.0
0,proper_tags,522, can,665,6.0,assistant,41.0,522,6.0
0,proper_tags,523, detect,11839,6.0,assistant,42.0,523,6.0
0,proper_tags,524, a,261,6.0,assistant,43.0,524,6.0
0,proper_tags,525, role,5430,6.0,assistant,44.0,525,6.0
0,proper_tags,526,-dependent,75298,6.0,assistant,45.0,526,6.0
0,proper_tags,527, difference,9809,6.0,assistant,46.0,527,6.0
0,proper_tags,528, under,1641,6.0,assistant,47.0,528,6.0
0,proper_tags,529, a,261,6.0,assistant,48.0,529,6.0
0,proper_tags,530, precise,31687,6.0,assistant,49.0,530,6.0
0,proper_tags,531, change,3343,6.0,assistant,50.0,531,6.0
0,proper_tags,532, to,316,6.0,assistant,51.0,532,6.0
0,proper_tags,533, the,290,6.0,assistant,52.0,533,6.0
0,proper_tags,534, prompt,15226,6.0,assistant,53.0,534,6.0
0,proper_tags,535,.,13,6.0,assistant,54.0,535,6.0
0,proper_tags,536, It,1225,6.0,assistant,55.0,536,6.0
0,proper_tags,537, does,2226,6.0,assistant,56.0,537,6.0
0,proper_tags,538, not,625,6.0,assistant,57.0,538,6.0
0,proper_tags,539, estimate,24572,6.0,assistant,58.0,539,6.0
0,proper_tags,540, how,1495,6.0,assistant,59.0,540,6.0
0,proper_tags,541, often,4783,6.0,assistant,60.0,541,6.0
0,proper_tags,542, that,484,6.0,assistant,61.0,542,6.0
0,proper_tags,543, difference,9809,6.0,assistant,62.0,543,6.0
0,proper_tags,544, occurs,21241,6.0,assistant,63.0,544,6.0
0,proper_tags,545, across,5251,6.0,assistant,64.0,545,6.0
0,proper_tags,546, conversations,31594,6.0,assistant,65.0,546,6.0
0,proper_tags,547,.,13,6.0,assistant,66.0,547,6.0
0,proper_tags,548, Follow,17547,6.0,assistant,67.0,548,6.0
0,proper_tags,549, the,290,6.0,assistant,68.0,549,6.0
0,proper_tags,550, figure,11310,6.0,assistant,69.0,550,6.0
0,proper_tags,551, with,483,6.0,assistant,70.0,551,6.0
0,proper_tags,552, the,290,6.0,assistant,71.0,552,6.0
0,proper_tags,553, control,3580,6.0,assistant,72.0,553,6.0
0,proper_tags,554, you,481,6.0,assistant,73.0,554,6.0
0,proper_tags,555, ran,14790,6.0,assistant,74.0,555,6.0
0,proper_tags,556, and,326,6.0,assistant,75.0,556,6.0
0,proper_tags,557, the,290,6.0,assistant,76.0,557,6.0
0,proper_tags,558, uncertainty,44942,6.0,assistant,77.0,558,6.0
0,proper_tags,559, it,480,6.0,assistant,78.0,559,6.0
0,proper_tags,560, leaves,15657,6.0,assistant,79.0,560,6.0
0,proper_tags,561,.,13,6.0,assistant,80.0,561,6.0
0,proper_tags,562, Then,7801,6.0,assistant,81.0,562,6.0
0,proper_tags,563, describe,12886,6.0,assistant,82.0,563,6.0
0,proper_tags,564, the,290,6.0,assistant,83.0,564,6.0
0,proper_tags,565, broader,50568,6.0,assistant,84.0,565,6.0
0,proper_tags,566, evaluation,21407,6.0,assistant,85.0,566,6.0
0,proper_tags,567, as,472,6.0,assistant,86.0,567,6.0
0,proper_tags,568, the,290,6.0,assistant,87.0,568,6.0
0,proper_tags,569, test,1746,6.0,assistant,88.0,569,6.0
0,proper_tags,570, of,328,6.0,assistant,89.0,570,6.0
0,proper_tags,571, general,5985,6.0,assistant,90.0,571,6.0
0,proper_tags,572,ity,536,6.0,assistant,91.0,572,6.0
0,proper_tags,573,.,13,6.0,assistant,92.0,573,6.0
0,proper_tags,574, This,1328,6.0,assistant,93.0,574,6.0
0,proper_tags,575, gives,8967,6.0,assistant,94.0,575,6.0
0,proper_tags,576, the,290,6.0,assistant,95.0,576,6.0
0,proper_tags,577, reader,10958,6.0,assistant,96.0,577,6.0
0,proper_tags,578, a,261,6.0,assistant,97.0,578,6.0
0,proper_tags,579, reason,5207,6.0,assistant,98.0,579,6.0
0,proper_tags,580, to,316,6.0,assistant,99.0,580,6.0
0,proper_tags,581, care,2631,6.0,assistant,100.0,581,6.0
0,proper_tags,582, about,1078,6.0,assistant,101.0,582,6.0
0,proper_tags,583, the,290,6.0,assistant,102.0,583,6.0
0,proper_tags,584, small,3291,6.0,assistant,103.0,584,6.0
0,proper_tags,585, example,4994,6.0,assistant,104.0,585,6.0
0,proper_tags,586, without,2935,6.0,assistant,105.0,586,6.0
0,proper_tags,587, treating,39212,6.0,assistant,106.0,587,6.0
0,proper_tags,588, it,480,6.0,assistant,107.0,588,6.0
0,proper_tags,589, as,472,6.0,assistant,108.0,589,6.0
0,proper_tags,590, population,11540,6.0,assistant,109.0,590,6.0
0,proper_tags,591, evidence,11716,6.0,assistant,110.0,591,6.0
0,proper_tags,592,.,13,6.0,assistant,111.0,592,6.0
0,proper_tags,593,<|return|>,200002,,,,593,
1,basic_no_format,0,<|startoftext|>,199998,,,,594,
1,basic_no_format,1,You,3575,0.0,system,1.0,595,0.0
1,basic_no_format,2, are,553,0.0,system,2.0,596,0.0
1,basic_no_format,3, Chat,17554,0.0,system,3.0,597,0.0
1,basic_no_format,4,GPT,162016,0.0,system,4.0,598,0.0
1,basic_no_format,5,",",11,0.0,system,5.0,599,0.0
1,basic_no_format,6, a,261,0.0,system,6.0,600,0.0
1,basic_no_format,7, large,4410,0.0,system,7.0,601,0.0
1,basic_no_format,8, language,6439,0.0,system,8.0,602,0.0
1,basic_no_format,9, model,2359,0.0,system,9.0,603,0.0
1,basic_no_format,10, trained,22203,0.0,system,10.0,604,0.0
1,basic_no_format,11, by,656,0.0,system,11.0,605,0.0
1,basic_no_format,12, Open,7788,0.0,system,12.0,606,0.0
1,basic_no_format,13,AI,17527,0.0,system,13.0,607,0.0
1,basic_no_format,14,".
",558,0.0,system,14.0,608,0.0
1,basic_no_format,15,Knowledge,87447,0.0,system,15.0,609,0.0
1,basic_no_format,16, cutoff,100594,0.0,system,16.0,610,0.0
1,basic_no_format,17,:,25,0.0,system,17.0,611,0.0
1,basic_no_format,18, ,220,0.0,system,18.0,612,0.0
1,basic_no_format,19,202,1323,0.0,system,19.0,613,0.0
1,basic_no_format,20,4,19,0.0,system,20.0,614,0.0
1,basic_no_format,21,-,12,0.0,system,21.0,615,0.0
1,basic_no_format,22,06,3218,0.0,system,22.0,616,0.0
1,basic_no_format,23,"
",198,0.0,system,23.0,617,0.0
1,basic_no_format,24,Current,6576,0.0,system,24.0,618,0.0
1,basic_no_format,25, date,3521,0.0,system,25.0,619,0.0
1,basic_no_format,26,:,25,0.0,system,26.0,620,0.0
1,basic_no_format,27, ,220,0.0,system,27.0,621,0.0
1,basic_no_format,28,202,1323,0.0,system,28.0,622,0.0
1,basic_no_format,29,5,20,0.0,system,29.0,623,0.0
1,basic_no_format,30,-,12,0.0,system,30.0,624,0.0
1,basic_no_format,31,10,702,0.0,system,31.0,625,0.0
1,basic_no_format,32,-,12,0.0,system,32.0,626,0.0
1,basic_no_format,33,01,2290,0.0,system,33.0,627,0.0
1,basic_no_format,34,"

",279,0.0,system,34.0,628,0.0
1,basic_no_format,35,Reason,30377,0.0,system,35.0,629,0.0
1,basic_no_format,36,ing,289,0.0,system,36.0,630,0.0
1,basic_no_format,37,:,25,0.0,system,37.0,631,0.0
1,basic_no_format,38, medium,14093,0.0,system,38.0,632,0.0
1,basic_no_format,39,"

",279,0.0,system,39.0,633,0.0
1,basic_no_format,40,#,2,0.0,system,40.0,634,0.0
1,basic_no_format,41, Valid,13888,0.0,system,41.0,635,0.0
1,basic_no_format,42, channels,18403,0.0,system,42.0,636,0.0
1,basic_no_format,43,:,25,0.0,system,43.0,637,0.0
1,basic_no_format,44, analysis,8450,0.0,system,44.0,638,0.0
1,basic_no_format,45,",",11,0.0,system,45.0,639,0.0
1,basic_no_format,46, commentary,49159,0.0,system,46.0,640,0.0
1,basic_no_format,47,",",11,0.0,system,47.0,641,0.0
1,basic_no_format,48, final,1721,0.0,system,48.0,642,0.0
1,basic_no_format,49,.,13,0.0,system,49.0,643,0.0
1,basic_no_format,50, Channel,21030,0.0,system,50.0,644,0.0
1,basic_no_format,51, must,2804,0.0,system,51.0,645,0.0
1,basic_no_format,52, be,413,0.0,system,52.0,646,0.0
1,basic_no_format,53, included,7360,0.0,system,53.0,647,0.0
1,basic_no_format,54, for,395,0.0,system,54.0,648,0.0
1,basic_no_format,55, every,1753,0.0,system,55.0,649,0.0
1,basic_no_format,56, message,3176,0.0,system,56.0,650,0.0
1,basic_no_format,57,".
",558,0.0,system,57.0,651,0.0
1,basic_no_format,58,Hi,12194,1.0,user,1.0,652,1.0
1,basic_no_format,59,!,0,1.0,user,2.0,653,1.0
1,basic_no_format,60, I'm,5477,1.0,user,3.0,654,1.0
1,basic_no_format,61, sketch,37890,1.0,user,4.0,655,1.0
1,basic_no_format,62,ing,289,1.0,user,5.0,656,1.0
1,basic_no_format,63, a,261,1.0,user,6.0,657,1.0
1,basic_no_format,64, M,391,1.0,user,7.0,658,1.0
1,basic_no_format,65,ATS,42222,1.0,user,8.0,659,1.0
1,basic_no_format,66, project,2993,1.0,user,9.0,660,1.0
1,basic_no_format,67, to,316,1.0,user,10.0,661,1.0
1,basic_no_format,68, discuss,5381,1.0,user,11.0,662,1.0
1,basic_no_format,69, with,483,1.0,user,12.0,663,1.0
1,basic_no_format,70, Ne,4475,1.0,user,13.0,664,1.0
1,basic_no_format,71,el,296,1.0,user,14.0,665,1.0
1,basic_no_format,72,.,13,1.0,user,15.0,666,1.0
1,basic_no_format,73, I,357,1.0,user,16.0,667,1.0
1,basic_no_format,74, have,679,1.0,user,17.0,668,1.0
1,basic_no_format,75, ideas,7865,1.0,user,18.0,669,1.0
1,basic_no_format,76, about,1078,1.0,user,19.0,670,1.0
1,basic_no_format,77, role,5430,1.0,user,20.0,671,1.0
1,basic_no_format,78, probes,127387,1.0,user,21.0,672,1.0
1,basic_no_format,79,",",11,1.0,user,22.0,673,1.0
1,basic_no_format,80, steering,49066,1.0,user,23.0,674,1.0
1,basic_no_format,81, vectors,52254,1.0,user,24.0,675,1.0
1,basic_no_format,82,",",11,1.0,user,25.0,676,1.0
1,basic_no_format,83, and,326,1.0,user,26.0,677,1.0
1,basic_no_format,84, agent,11793,1.0,user,27.0,678,1.0
1,basic_no_format,85, behavior,12741,1.0,user,28.0,679,1.0
1,basic_no_format,86,",",11,1.0,user,29.0,680,1.0
1,basic_no_format,87, but,889,1.0,user,30.0,681,1.0
1,basic_no_format,88, the,290,1.0,user,31.0,682,1.0
1,basic_no_format,89, plan,3496,1.0,user,32.0,683,1.0
1,basic_no_format,90, feels,16591,1.0,user,33.0,684,1.0
1,basic_no_format,91, scattered,67096,1.0,user,34.0,685,1.0
1,basic_no_format,92,.,13,1.0,user,35.0,686,1.0
1,basic_no_format,93, How,3253,1.0,user,36.0,687,1.0
1,basic_no_format,94, can,665,1.0,user,37.0,688,1.0
1,basic_no_format,95, I,357,1.0,user,38.0,689,1.0
1,basic_no_format,96, turn,3716,1.0,user,39.0,690,1.0
1,basic_no_format,97, these,1879,1.0,user,40.0,691,1.0
1,basic_no_format,98, into,1511,1.0,user,41.0,692,1.0
1,basic_no_format,99, one,1001,1.0,user,42.0,693,1.0
1,basic_no_format,100, useful,8316,1.0,user,43.0,694,1.0
1,basic_no_format,101, research,4176,1.0,user,44.0,695,1.0
1,basic_no_format,102, question,4928,1.0,user,45.0,696,1.0
1,basic_no_format,103,"?
",3901,1.0,user,46.0,697,1.0
1,basic_no_format,104,The,976,2.0,cot,1.0,698,2.0
1,basic_no_format,105, user,1825,2.0,cot,2.0,699,2.0
1,basic_no_format,106, wants,10648,2.0,cot,3.0,700,2.0
1,basic_no_format,107, help,1652,2.0,cot,4.0,701,2.0
1,basic_no_format,108, narrowing,173036,2.0,cot,5.0,702,2.0
1,basic_no_format,109, a,261,2.0,cot,6.0,703,2.0
1,basic_no_format,110, research,4176,2.0,cot,7.0,704,2.0
1,basic_no_format,111, plan,3496,2.0,cot,8.0,705,2.0
1,basic_no_format,112,",",11,2.0,cot,9.0,706,2.0
1,basic_no_format,113, rather,7542,2.0,cot,10.0,707,2.0
1,basic_no_format,114, than,1572,2.0,cot,11.0,708,2.0
1,basic_no_format,115, a,261,2.0,cot,12.0,709,2.0
1,basic_no_format,116, list,1562,2.0,cot,13.0,710,2.0
1,basic_no_format,117, of,328,2.0,cot,14.0,711,2.0
1,basic_no_format,118, additional,6623,2.0,cot,15.0,712,2.0
1,basic_no_format,119, techniques,12905,2.0,cot,16.0,713,2.0
1,basic_no_format,120,.,13,2.0,cot,17.0,714,2.0
1,basic_no_format,121, I,357,2.0,cot,18.0,715,2.0
1,basic_no_format,122, should,1757,2.0,cot,19.0,716,2.0
1,basic_no_format,123, begin,4252,2.0,cot,20.0,717,2.0
1,basic_no_format,124, with,483,2.0,cot,21.0,718,2.0
1,basic_no_format,125, the,290,2.0,cot,22.0,719,2.0
1,basic_no_format,126, decision,8660,2.0,cot,23.0,720,2.0
1,basic_no_format,127, the,290,2.0,cot,24.0,721,2.0
1,basic_no_format,128, project,2993,2.0,cot,25.0,722,2.0
1,basic_no_format,129, could,2023,2.0,cot,26.0,723,2.0
1,basic_no_format,130, change,3343,2.0,cot,27.0,724,2.0
1,basic_no_format,131,.,13,2.0,cot,28.0,725,2.0
1,basic_no_format,132, Role,24128,2.0,cot,29.0,726,2.0
1,basic_no_format,133, classification,39594,2.0,cot,30.0,727,2.0
1,basic_no_format,134, and,326,2.0,cot,31.0,728,2.0
1,basic_no_format,135, behavior,12741,2.0,cot,32.0,729,2.0
1,basic_no_format,136, are,553,2.0,cot,33.0,730,2.0
1,basic_no_format,137, related,7168,2.0,cot,34.0,731,2.0
1,basic_no_format,138, questions,5359,2.0,cot,35.0,732,2.0
1,basic_no_format,139,",",11,2.0,cot,36.0,733,2.0
1,basic_no_format,140, but,889,2.0,cot,37.0,734,2.0
1,basic_no_format,141, a,261,2.0,cot,38.0,735,2.0
1,basic_no_format,142, probe,31925,2.0,cot,39.0,736,2.0
1,basic_no_format,143, score,8429,2.0,cot,40.0,737,2.0
1,basic_no_format,144, alone,11238,2.0,cot,41.0,738,2.0
1,basic_no_format,145, cannot,6284,2.0,cot,42.0,739,2.0
1,basic_no_format,146, settle,36551,2.0,cot,43.0,740,2.0
1,basic_no_format,147, whether,5588,2.0,cot,44.0,741,2.0
1,basic_no_format,148, an,448,2.0,cot,45.0,742,2.0
1,basic_no_format,149, agent,11793,2.0,cot,46.0,743,2.0
1,basic_no_format,150, follows,18183,2.0,cot,47.0,744,2.0
1,basic_no_format,151, a,261,2.0,cot,48.0,745,2.0
1,basic_no_format,152, command,6348,2.0,cot,49.0,746,2.0
1,basic_no_format,153,.,13,2.0,cot,50.0,747,2.0
1,basic_no_format,154, A,355,2.0,cot,51.0,748,2.0
1,basic_no_format,155, concrete,19230,2.0,cot,52.0,749,2.0
1,basic_no_format,156, first,1577,2.0,cot,53.0,750,2.0
1,basic_no_format,157, step,5983,2.0,cot,54.0,751,2.0
1,basic_no_format,158, is,382,2.0,cot,55.0,752,2.0
1,basic_no_format,159, to,316,2.0,cot,56.0,753,2.0
1,basic_no_format,160, choose,5655,2.0,cot,57.0,754,2.0
1,basic_no_format,161, one,1001,2.0,cot,58.0,755,2.0
1,basic_no_format,162, behavior,12741,2.0,cot,59.0,756,2.0
1,basic_no_format,163,",",11,2.0,cot,60.0,757,2.0
1,basic_no_format,164, identify,11410,2.0,cot,61.0,758,2.0
1,basic_no_format,165, two,1920,2.0,cot,62.0,759,2.0
1,basic_no_format,166, explanations,69457,2.0,cot,63.0,760,2.0
1,basic_no_format,167,",",11,2.0,cot,64.0,761,2.0
1,basic_no_format,168, and,326,2.0,cot,65.0,762,2.0
1,basic_no_format,169, design,2364,2.0,cot,66.0,763,2.0
1,basic_no_format,170, a,261,2.0,cot,67.0,764,2.0
1,basic_no_format,171, comparison,19211,2.0,cot,68.0,765,2.0
1,basic_no_format,172, that,484,2.0,cot,69.0,766,2.0
1,basic_no_format,173, separates,107131,2.0,cot,70.0,767,2.0
1,basic_no_format,174, them,1373,2.0,cot,71.0,768,2.0
1,basic_no_format,175,.,13,2.0,cot,72.0,769,2.0
1,basic_no_format,176, I,357,2.0,cot,73.0,770,2.0
1,basic_no_format,177, should,1757,2.0,cot,74.0,771,2.0
1,basic_no_format,178, keep,3357,2.0,cot,75.0,772,2.0
1,basic_no_format,179, the,290,2.0,cot,76.0,773,2.0
1,basic_no_format,180, example,4994,2.0,cot,77.0,774,2.0
1,basic_no_format,181, small,3291,2.0,cot,78.0,775,2.0
1,basic_no_format,182, enough,4951,2.0,cot,79.0,776,2.0
1,basic_no_format,183, to,316,2.0,cot,80.0,777,2.0
1,basic_no_format,184, understand,4218,2.0,cot,81.0,778,2.0
1,basic_no_format,185, while,2049,2.0,cot,82.0,779,2.0
1,basic_no_format,186, explaining,45379,2.0,cot,83.0,780,2.0
1,basic_no_format,187, how,1495,2.0,cot,84.0,781,2.0
1,basic_no_format,188, a,261,2.0,cot,85.0,782,2.0
1,basic_no_format,189, later,4849,2.0,cot,86.0,783,2.0
1,basic_no_format,190, evaluation,21407,2.0,cot,87.0,784,2.0
1,basic_no_format,191, would,1481,2.0,cot,88.0,785,2.0
1,basic_no_format,192, test,1746,2.0,cot,89.0,786,2.0
1,basic_no_format,193, whether,5588,2.0,cot,90.0,787,2.0
1,basic_no_format,194, it,480,2.0,cot,91.0,788,2.0
1,basic_no_format,195, extends,3658,2.0,cot,92.0,789,2.0
1,basic_no_format,196, beyond,11615,2.0,cot,93.0,790,2.0
1,basic_no_format,197, the,290,2.0,cot,94.0,791,2.0
1,basic_no_format,198, initial,4871,2.0,cot,95.0,792,2.0
1,basic_no_format,199, case,1890,2.0,cot,96.0,793,2.0
1,basic_no_format,200,".
",558,2.0,cot,97.0,794,2.0
1,basic_no_format,201,Start,4459,3.0,assistant,1.0,795,3.0
1,basic_no_format,202, with,483,3.0,assistant,2.0,796,3.0
1,basic_no_format,203, a,261,3.0,assistant,3.0,797,3.0
1,basic_no_format,204, question,4928,3.0,assistant,4.0,798,3.0
1,basic_no_format,205, that,484,3.0,assistant,5.0,799,3.0
1,basic_no_format,206, connects,47599,3.0,assistant,6.0,800,3.0
1,basic_no_format,207, a,261,3.0,assistant,7.0,801,3.0
1,basic_no_format,208, measurement,27666,3.0,assistant,8.0,802,3.0
1,basic_no_format,209, to,316,3.0,assistant,9.0,803,3.0
1,basic_no_format,210, a,261,3.0,assistant,10.0,804,3.0
1,basic_no_format,211, decision,8660,3.0,assistant,11.0,805,3.0
1,basic_no_format,212,:,25,3.0,assistant,12.0,806,3.0
1,basic_no_format,213, does,2226,3.0,assistant,13.0,807,3.0
1,basic_no_format,214, changing,13784,3.0,assistant,14.0,808,3.0
1,basic_no_format,215, a,261,3.0,assistant,15.0,809,3.0
1,basic_no_format,216, message,3176,3.0,assistant,16.0,810,3.0
1,basic_no_format,217,'s,885,3.0,assistant,17.0,811,3.0
1,basic_no_format,218, role,5430,3.0,assistant,18.0,812,3.0
1,basic_no_format,219, label,4208,3.0,assistant,19.0,813,3.0
1,basic_no_format,220, change,3343,3.0,assistant,20.0,814,3.0
1,basic_no_format,221, which,1118,3.0,assistant,21.0,815,3.0
1,basic_no_format,222, instruction,21179,3.0,assistant,22.0,816,3.0
1,basic_no_format,223, the,290,3.0,assistant,23.0,817,3.0
1,basic_no_format,224, assistant,29186,3.0,assistant,24.0,818,3.0
1,basic_no_format,225, follows,18183,3.0,assistant,25.0,819,3.0
1,basic_no_format,226,?,30,3.0,assistant,26.0,820,3.0
1,basic_no_format,227, Write,16465,3.0,assistant,27.0,821,3.0
1,basic_no_format,228, down,1917,3.0,assistant,28.0,822,3.0
1,basic_no_format,229, one,1001,3.0,assistant,29.0,823,3.0
1,basic_no_format,230, ordinary,30633,3.0,assistant,30.0,824,3.0
1,basic_no_format,231, task,5296,3.0,assistant,31.0,825,3.0
1,basic_no_format,232,",",11,3.0,assistant,32.0,826,3.0
1,basic_no_format,233, one,1001,3.0,assistant,33.0,827,3.0
1,basic_no_format,234, conflicting,103913,3.0,assistant,34.0,828,3.0
1,basic_no_format,235, instruction,21179,3.0,assistant,35.0,829,3.0
1,basic_no_format,236,",",11,3.0,assistant,36.0,830,3.0
1,basic_no_format,237, and,326,3.0,assistant,37.0,831,3.0
1,basic_no_format,238, the,290,3.0,assistant,38.0,832,3.0
1,basic_no_format,239, behavior,12741,3.0,assistant,39.0,833,3.0
1,basic_no_format,240, you,481,3.0,assistant,40.0,834,3.0
1,basic_no_format,241, will,738,3.0,assistant,41.0,835,3.0
1,basic_no_format,242, score,8429,3.0,assistant,42.0,836,3.0
1,basic_no_format,243,.,13,3.0,assistant,43.0,837,3.0
1,basic_no_format,244, Then,7801,3.0,assistant,44.0,838,3.0
1,basic_no_format,245, compare,12221,3.0,assistant,45.0,839,3.0
1,basic_no_format,246, the,290,3.0,assistant,46.0,840,3.0
1,basic_no_format,247, same,2684,3.0,assistant,47.0,841,3.0
1,basic_no_format,248, text,2201,3.0,assistant,48.0,842,3.0
1,basic_no_format,249, under,1641,3.0,assistant,49.0,843,3.0
1,basic_no_format,250, different,2647,3.0,assistant,50.0,844,3.0
1,basic_no_format,251, labels,17125,3.0,assistant,51.0,845,3.0
1,basic_no_format,252, while,2049,3.0,assistant,52.0,846,3.0
1,basic_no_format,253, keeping,13958,3.0,assistant,53.0,847,3.0
1,basic_no_format,254, the,290,3.0,assistant,54.0,848,3.0
1,basic_no_format,255, rest,2867,3.0,assistant,55.0,849,3.0
1,basic_no_format,256, of,328,3.0,assistant,56.0,850,3.0
1,basic_no_format,257, the,290,3.0,assistant,57.0,851,3.0
1,basic_no_format,258, conversation,15681,3.0,assistant,58.0,852,3.0
1,basic_no_format,259, fixed,13213,3.0,assistant,59.0,853,3.0
1,basic_no_format,260,.,13,3.0,assistant,60.0,854,3.0
1,basic_no_format,261, Use,7649,3.0,assistant,61.0,855,3.0
1,basic_no_format,262, the,290,3.0,assistant,62.0,856,3.0
1,basic_no_format,263, probe,31925,3.0,assistant,63.0,857,3.0
1,basic_no_format,264, to,316,3.0,assistant,64.0,858,3.0
1,basic_no_format,265, describe,12886,3.0,assistant,65.0,859,3.0
1,basic_no_format,266, the,290,3.0,assistant,66.0,860,3.0
1,basic_no_format,267, internal,8812,3.0,assistant,67.0,861,3.0
1,basic_no_format,268, change,3343,3.0,assistant,68.0,862,3.0
1,basic_no_format,269,",",11,3.0,assistant,69.0,863,3.0
1,basic_no_format,270, and,326,3.0,assistant,70.0,864,3.0
1,basic_no_format,271, inspect,36665,3.0,assistant,71.0,865,3.0
1,basic_no_format,272, the,290,3.0,assistant,72.0,866,3.0
1,basic_no_format,273, answer,6052,3.0,assistant,73.0,867,3.0
1,basic_no_format,274, separately,37741,3.0,assistant,74.0,868,3.0
1,basic_no_format,275, to,316,3.0,assistant,75.0,869,3.0
1,basic_no_format,276, measure,9714,3.0,assistant,76.0,870,3.0
1,basic_no_format,277, behavior,12741,3.0,assistant,77.0,871,3.0
1,basic_no_format,278,.,13,3.0,assistant,78.0,872,3.0
1,basic_no_format,279, Your,4886,3.0,assistant,79.0,873,3.0
1,basic_no_format,280, first,1577,3.0,assistant,80.0,874,3.0
1,basic_no_format,281, deliver,7000,3.0,assistant,81.0,875,3.0
1,basic_no_format,282,able,562,3.0,assistant,82.0,876,3.0
1,basic_no_format,283, can,665,3.0,assistant,83.0,877,3.0
1,basic_no_format,284, be,413,3.0,assistant,84.0,878,3.0
1,basic_no_format,285, a,261,3.0,assistant,85.0,879,3.0
1,basic_no_format,286, single,4590,3.0,assistant,86.0,880,3.0
1,basic_no_format,287, transparent,27793,3.0,assistant,87.0,881,3.0
1,basic_no_format,288, comparison,19211,3.0,assistant,88.0,882,3.0
1,basic_no_format,289, with,483,3.0,assistant,89.0,883,3.0
1,basic_no_format,290, two,1920,3.0,assistant,90.0,884,3.0
1,basic_no_format,291, plausible,120152,3.0,assistant,91.0,885,3.0
1,basic_no_format,292, explanations,69457,3.0,assistant,92.0,886,3.0
1,basic_no_format,293, and,326,3.0,assistant,93.0,887,3.0
1,basic_no_format,294, one,1001,3.0,assistant,94.0,888,3.0
1,basic_no_format,295, control,3580,3.0,assistant,95.0,889,3.0
1,basic_no_format,296, that,484,3.0,assistant,96.0,890,3.0
1,basic_no_format,297, distinguishes,189092,3.0,assistant,97.0,891,3.0
1,basic_no_format,298, them,1373,3.0,assistant,98.0,892,3.0
1,basic_no_format,299,.,13,3.0,assistant,99.0,893,3.0
1,basic_no_format,300, Expand,81299,3.0,assistant,100.0,894,3.0
1,basic_no_format,301, the,290,3.0,assistant,101.0,895,3.0
1,basic_no_format,302, sample,10176,3.0,assistant,102.0,896,3.0
1,basic_no_format,303, after,1934,3.0,assistant,103.0,897,3.0
1,basic_no_format,304, the,290,3.0,assistant,104.0,898,3.0
1,basic_no_format,305, task,5296,3.0,assistant,105.0,899,3.0
1,basic_no_format,306, and,326,3.0,assistant,106.0,900,3.0
1,basic_no_format,307, measurement,27666,3.0,assistant,107.0,901,3.0
1,basic_no_format,308, are,553,3.0,assistant,108.0,902,3.0
1,basic_no_format,309, working,4113,3.0,assistant,109.0,903,3.0
1,basic_no_format,310,".
",558,3.0,assistant,110.0,904,3.0
1,basic_no_format,311,Thanks,14897,4.0,user,1.0,905,4.0
1,basic_no_format,312,!,0,4.0,user,2.0,906,4.0
1,basic_no_format,313, How,3253,4.0,user,3.0,907,4.0
1,basic_no_format,314, would,1481,4.0,user,4.0,908,4.0
1,basic_no_format,315, I,357,4.0,user,5.0,909,4.0
1,basic_no_format,316, explain,16644,4.0,user,6.0,910,4.0
1,basic_no_format,317, this,495,4.0,user,7.0,911,4.0
1,basic_no_format,318, choice,7158,4.0,user,8.0,912,4.0
1,basic_no_format,319, in,306,4.0,user,9.0,913,4.0
1,basic_no_format,320, the,290,4.0,user,10.0,914,4.0
1,basic_no_format,321, M,391,4.0,user,11.0,915,4.0
1,basic_no_format,322,ATS,42222,4.0,user,12.0,916,4.0
1,basic_no_format,323, write,5067,4.0,user,13.0,917,4.0
1,basic_no_format,324,-up,7288,4.0,user,14.0,918,4.0
1,basic_no_format,325, without,2935,4.0,user,15.0,919,4.0
1,basic_no_format,326, making,4137,4.0,user,16.0,920,4.0
1,basic_no_format,327, a,261,4.0,user,17.0,921,4.0
1,basic_no_format,328, tiny,20049,4.0,user,18.0,922,4.0
1,basic_no_format,329, example,4994,4.0,user,19.0,923,4.0
1,basic_no_format,330, sound,7351,4.0,user,20.0,924,4.0
1,basic_no_format,331, more,945,4.0,user,21.0,925,4.0
1,basic_no_format,332, con,406,4.0,user,22.0,926,4.0
1,basic_no_format,333,clusive,23591,4.0,user,23.0,927,4.0
1,basic_no_format,334, than,1572,4.0,user,24.0,928,4.0
1,basic_no_format,335, it,480,4.0,user,25.0,929,4.0
1,basic_no_format,336, is,382,4.0,user,26.0,930,4.0
1,basic_no_format,337,?,30,4.0,user,27.0,931,4.0
1,basic_no_format,338, I'd,18754,4.0,user,28.0,932,4.0
1,basic_no_format,339, like,1299,4.0,user,29.0,933,4.0
1,basic_no_format,340, the,290,4.0,user,30.0,934,4.0
1,basic_no_format,341, reader,10958,4.0,user,31.0,935,4.0
1,basic_no_format,342, to,316,4.0,user,32.0,936,4.0
1,basic_no_format,343, understand,4218,4.0,user,33.0,937,4.0
1,basic_no_format,344, why,4436,4.0,user,34.0,938,4.0
1,basic_no_format,345, this,495,4.0,user,35.0,939,4.0
1,basic_no_format,346, was,673,4.0,user,36.0,940,4.0
1,basic_no_format,347, a,261,4.0,user,37.0,941,4.0
1,basic_no_format,348, sensible,45493,4.0,user,38.0,942,4.0
1,basic_no_format,349, place,2475,4.0,user,39.0,943,4.0
1,basic_no_format,350, to,316,4.0,user,40.0,944,4.0
1,basic_no_format,351, start,1604,4.0,user,41.0,945,4.0
1,basic_no_format,352,".
",558,4.0,user,42.0,946,4.0
1,basic_no_format,353,The,976,5.0,cot,1.0,947,5.0
1,basic_no_format,354, user,1825,5.0,cot,2.0,948,5.0
1,basic_no_format,355, now,1954,5.0,cot,3.0,949,5.0
1,basic_no_format,356, needs,4414,5.0,cot,4.0,950,5.0
1,basic_no_format,357, language,6439,5.0,cot,5.0,951,5.0
1,basic_no_format,358, that,484,5.0,cot,6.0,952,5.0
1,basic_no_format,359, connects,47599,5.0,cot,7.0,953,5.0
1,basic_no_format,360, a,261,5.0,cot,8.0,954,5.0
1,basic_no_format,361, small,3291,5.0,cot,9.0,955,5.0
1,basic_no_format,362, exploratory,198889,5.0,cot,10.0,956,5.0
1,basic_no_format,363, comparison,19211,5.0,cot,11.0,957,5.0
1,basic_no_format,364, to,316,5.0,cot,12.0,958,5.0
1,basic_no_format,365, a,261,5.0,cot,13.0,959,5.0
1,basic_no_format,366, larger,12384,5.0,cot,14.0,960,5.0
1,basic_no_format,367, research,4176,5.0,cot,15.0,961,5.0
1,basic_no_format,368, aim,11773,5.0,cot,16.0,962,5.0
1,basic_no_format,369,.,13,5.0,cot,17.0,963,5.0
1,basic_no_format,370, I,357,5.0,cot,18.0,964,5.0
1,basic_no_format,371, should,1757,5.0,cot,19.0,965,5.0
1,basic_no_format,372, distinguish,59938,5.0,cot,20.0,966,5.0
1,basic_no_format,373, why,4436,5.0,cot,21.0,967,5.0
1,basic_no_format,374, the,290,5.0,cot,22.0,968,5.0
1,basic_no_format,375, example,4994,5.0,cot,23.0,969,5.0
1,basic_no_format,376, is,382,5.0,cot,24.0,970,5.0
1,basic_no_format,377, informative,36918,5.0,cot,25.0,971,5.0
1,basic_no_format,378, from,591,5.0,cot,26.0,972,5.0
1,basic_no_format,379, how,1495,5.0,cot,27.0,973,5.0
1,basic_no_format,380, broadly,84784,5.0,cot,28.0,974,5.0
1,basic_no_format,381, it,480,5.0,cot,29.0,975,5.0
1,basic_no_format,382, general,5985,5.0,cot,30.0,976,5.0
1,basic_no_format,383,izes,6370,5.0,cot,31.0,977,5.0
1,basic_no_format,384,.,13,5.0,cot,32.0,978,5.0
1,basic_no_format,385, A,355,5.0,cot,33.0,979,5.0
1,basic_no_format,386, small,3291,5.0,cot,34.0,980,5.0
1,basic_no_format,387, case,1890,5.0,cot,35.0,981,5.0
1,basic_no_format,388, can,665,5.0,cot,36.0,982,5.0
1,basic_no_format,389, establish,12791,5.0,cot,37.0,983,5.0
1,basic_no_format,390, that,484,5.0,cot,38.0,984,5.0
1,basic_no_format,391, a,261,5.0,cot,39.0,985,5.0
1,basic_no_format,392, pattern,8302,5.0,cot,40.0,986,5.0
1,basic_no_format,393, exists,13031,5.0,cot,41.0,987,5.0
1,basic_no_format,394, in,306,5.0,cot,42.0,988,5.0
1,basic_no_format,395, that,484,5.0,cot,43.0,989,5.0
1,basic_no_format,396, case,1890,5.0,cot,44.0,990,5.0
1,basic_no_format,397, and,326,5.0,cot,45.0,991,5.0
1,basic_no_format,398, expose,49768,5.0,cot,46.0,992,5.0
1,basic_no_format,399, bugs,39184,5.0,cot,47.0,993,5.0
1,basic_no_format,400, in,306,5.0,cot,48.0,994,5.0
1,basic_no_format,401, the,290,5.0,cot,49.0,995,5.0
1,basic_no_format,402, measurement,27666,5.0,cot,50.0,996,5.0
1,basic_no_format,403,.,13,5.0,cot,51.0,997,5.0
1,basic_no_format,404, It,1225,5.0,cot,52.0,998,5.0
1,basic_no_format,405, cannot,6284,5.0,cot,53.0,999,5.0
1,basic_no_format,406, estimate,24572,5.0,cot,54.0,1000,5.0
1,basic_no_format,407, the,290,5.0,cot,55.0,1001,5.0
1,basic_no_format,408, frequency,19813,5.0,cot,56.0,1002,5.0
1,basic_no_format,409, of,328,5.0,cot,57.0,1003,5.0
1,basic_no_format,410, the,290,5.0,cot,58.0,1004,5.0
1,basic_no_format,411, pattern,8302,5.0,cot,59.0,1005,5.0
1,basic_no_format,412, across,5251,5.0,cot,60.0,1006,5.0
1,basic_no_format,413, tasks,13638,5.0,cot,61.0,1007,5.0
1,basic_no_format,414,.,13,5.0,cot,62.0,1008,5.0
1,basic_no_format,415, The,623,5.0,cot,63.0,1009,5.0
1,basic_no_format,416, answer,6052,5.0,cot,64.0,1010,5.0
1,basic_no_format,417, should,1757,5.0,cot,65.0,1011,5.0
1,basic_no_format,418, therefore,12880,5.0,cot,66.0,1012,5.0
1,basic_no_format,419, put,3006,5.0,cot,67.0,1013,5.0
1,basic_no_format,420, the,290,5.0,cot,68.0,1014,5.0
1,basic_no_format,421, question,4928,5.0,cot,69.0,1015,5.0
1,basic_no_format,422, and,326,5.0,cot,70.0,1016,5.0
1,basic_no_format,423, comparison,19211,5.0,cot,71.0,1017,5.0
1,basic_no_format,424, first,1577,5.0,cot,72.0,1018,5.0
1,basic_no_format,425,",",11,5.0,cot,73.0,1019,5.0
1,basic_no_format,426, describe,12886,5.0,cot,74.0,1020,5.0
1,basic_no_format,427, the,290,5.0,cot,75.0,1021,5.0
1,basic_no_format,428, observed,20395,5.0,cot,76.0,1022,5.0
1,basic_no_format,429, result,1534,5.0,cot,77.0,1023,5.0
1,basic_no_format,430, only,1606,5.0,cot,78.0,1024,5.0
1,basic_no_format,431, after,1934,5.0,cot,79.0,1025,5.0
1,basic_no_format,432, it,480,5.0,cot,80.0,1026,5.0
1,basic_no_format,433, is,382,5.0,cot,81.0,1027,5.0
1,basic_no_format,434, measured,26489,5.0,cot,82.0,1028,5.0
1,basic_no_format,435,",",11,5.0,cot,83.0,1029,5.0
1,basic_no_format,436, and,326,5.0,cot,84.0,1030,5.0
1,basic_no_format,437, make,1520,5.0,cot,85.0,1031,5.0
1,basic_no_format,438, the,290,5.0,cot,86.0,1032,5.0
1,basic_no_format,439, next,2613,5.0,cot,87.0,1033,5.0
1,basic_no_format,440, test,1746,5.0,cot,88.0,1034,5.0
1,basic_no_format,441, follow,2622,5.0,cot,89.0,1035,5.0
1,basic_no_format,442, from,591,5.0,cot,90.0,1036,5.0
1,basic_no_format,443, the,290,5.0,cot,91.0,1037,5.0
1,basic_no_format,444, remaining,15448,5.0,cot,92.0,1038,5.0
1,basic_no_format,445, uncertainty,44942,5.0,cot,93.0,1039,5.0
1,basic_no_format,446,".
",558,5.0,cot,94.0,1040,5.0
1,basic_no_format,447,Explain,176289,6.0,assistant,1.0,1041,6.0
1,basic_no_format,448, the,290,6.0,assistant,2.0,1042,6.0
1,basic_no_format,449, purpose,9676,6.0,assistant,3.0,1043,6.0
1,basic_no_format,450, of,328,6.0,assistant,4.0,1044,6.0
1,basic_no_format,451, the,290,6.0,assistant,5.0,1045,6.0
1,basic_no_format,452, example,4994,6.0,assistant,6.0,1046,6.0
1,basic_no_format,453, before,2254,6.0,assistant,7.0,1047,6.0
1,basic_no_format,454, describing,42904,6.0,assistant,8.0,1048,6.0
1,basic_no_format,455, its,1617,6.0,assistant,9.0,1049,6.0
1,basic_no_format,456, outcome,24192,6.0,assistant,10.0,1050,6.0
1,basic_no_format,457,.,13,6.0,assistant,11.0,1051,6.0
1,basic_no_format,458, For,2214,6.0,assistant,12.0,1052,6.0
1,basic_no_format,459, instance,4934,6.0,assistant,13.0,1053,6.0
1,basic_no_format,460,:,25,6.0,assistant,14.0,1054,6.0
1,basic_no_format,461, we,581,6.0,assistant,15.0,1055,6.0
1,basic_no_format,462, begin,4252,6.0,assistant,16.0,1056,6.0
1,basic_no_format,463, with,483,6.0,assistant,17.0,1057,6.0
1,basic_no_format,464, one,1001,6.0,assistant,18.0,1058,6.0
1,basic_no_format,465, controlled,23006,6.0,assistant,19.0,1059,6.0
1,basic_no_format,466, conversation,15681,6.0,assistant,20.0,1060,6.0
1,basic_no_format,467, to,316,6.0,assistant,21.0,1061,6.0
1,basic_no_format,468, make,1520,6.0,assistant,22.0,1062,6.0
1,basic_no_format,469, the,290,6.0,assistant,23.0,1063,6.0
1,basic_no_format,470, input,3422,6.0,assistant,24.0,1064,6.0
1,basic_no_format,471,",",11,6.0,assistant,25.0,1065,6.0
1,basic_no_format,472, measurement,27666,6.0,assistant,26.0,1066,6.0
1,basic_no_format,473,",",11,6.0,assistant,27.0,1067,6.0
1,basic_no_format,474, and,326,6.0,assistant,28.0,1068,6.0
1,basic_no_format,475, competing,45386,6.0,assistant,29.0,1069,6.0
1,basic_no_format,476, explanations,69457,6.0,assistant,30.0,1070,6.0
1,basic_no_format,477, easy,4224,6.0,assistant,31.0,1071,6.0
1,basic_no_format,478, to,316,6.0,assistant,32.0,1072,6.0
1,basic_no_format,479, inspect,36665,6.0,assistant,33.0,1073,6.0
1,basic_no_format,480,.,13,6.0,assistant,34.0,1074,6.0
1,basic_no_format,481, The,623,6.0,assistant,35.0,1075,6.0
1,basic_no_format,482, example,4994,6.0,assistant,36.0,1076,6.0
1,basic_no_format,483, tests,10742,6.0,assistant,37.0,1077,6.0
1,basic_no_format,484, whether,5588,6.0,assistant,38.0,1078,6.0
1,basic_no_format,485, our,1039,6.0,assistant,39.0,1079,6.0
1,basic_no_format,486, pipeline,29412,6.0,assistant,40.0,1080,6.0
1,basic_no_format,487, can,665,6.0,assistant,41.0,1081,6.0
1,basic_no_format,488, detect,11839,6.0,assistant,42.0,1082,6.0
1,basic_no_format,489, a,261,6.0,assistant,43.0,1083,6.0
1,basic_no_format,490, role,5430,6.0,assistant,44.0,1084,6.0
1,basic_no_format,491,-dependent,75298,6.0,assistant,45.0,1085,6.0
1,basic_no_format,492, difference,9809,6.0,assistant,46.0,1086,6.0
1,basic_no_format,493, under,1641,6.0,assistant,47.0,1087,6.0
1,basic_no_format,494, a,261,6.0,assistant,48.0,1088,6.0
1,basic_no_format,495, precise,31687,6.0,assistant,49.0,1089,6.0
1,basic_no_format,496, change,3343,6.0,assistant,50.0,1090,6.0
1,basic_no_format,497, to,316,6.0,assistant,51.0,1091,6.0
1,basic_no_format,498, the,290,6.0,assistant,52.0,1092,6.0
1,basic_no_format,499, prompt,15226,6.0,assistant,53.0,1093,6.0
1,basic_no_format,500,.,13,6.0,assistant,54.0,1094,6.0
1,basic_no_format,501, It,1225,6.0,assistant,55.0,1095,6.0
1,basic_no_format,502, does,2226,6.0,assistant,56.0,1096,6.0
1,basic_no_format,503, not,625,6.0,assistant,57.0,1097,6.0
1,basic_no_format,504, estimate,24572,6.0,assistant,58.0,1098,6.0
1,basic_no_format,505, how,1495,6.0,assistant,59.0,1099,6.0
1,basic_no_format,506, often,4783,6.0,assistant,60.0,1100,6.0
1,basic_no_format,507, that,484,6.0,assistant,61.0,1101,6.0
1,basic_no_format,508, difference,9809,6.0,assistant,62.0,1102,6.0
1,basic_no_format,509, occurs,21241,6.0,assistant,63.0,1103,6.0
1,basic_no_format,510, across,5251,6.0,assistant,64.0,1104,6.0
1,basic_no_format,511, conversations,31594,6.0,assistant,65.0,1105,6.0
1,basic_no_format,512,.,13,6.0,assistant,66.0,1106,6.0
1,basic_no_format,513, Follow,17547,6.0,assistant,67.0,1107,6.0
1,basic_no_format,514, the,290,6.0,assistant,68.0,1108,6.0
1,basic_no_format,515, figure,11310,6.0,assistant,69.0,1109,6.0
1,basic_no_format,516, with,483,6.0,assistant,70.0,1110,6.0
1,basic_no_format,517, the,290,6.0,assistant,71.0,1111,6.0
1,basic_no_format,518, control,3580,6.0,assistant,72.0,1112,6.0
1,basic_no_format,519, you,481,6.0,assistant,73.0,1113,6.0
1,basic_no_format,520, ran,14790,6.0,assistant,74.0,1114,6.0
1,basic_no_format,521, and,326,6.0,assistant,75.0,1115,6.0
1,basic_no_format,522, the,290,6.0,assistant,76.0,1116,6.0
1,basic_no_format,523, uncertainty,44942,6.0,assistant,77.0,1117,6.0
1,basic_no_format,524, it,480,6.0,assistant,78.0,1118,6.0
1,basic_no_format,525, leaves,15657,6.0,assistant,79.0,1119,6.0
1,basic_no_format,526,.,13,6.0,assistant,80.0,1120,6.0
1,basic_no_format,527, Then,7801,6.0,assistant,81.0,1121,6.0
1,basic_no_format,528, describe,12886,6.0,assistant,82.0,1122,6.0
1,basic_no_format,529, the,290,6.0,assistant,83.0,1123,6.0
1,basic_no_format,530, broader,50568,6.0,assistant,84.0,1124,6.0
1,basic_no_format,531, evaluation,21407,6.0,assistant,85.0,1125,6.0
1,basic_no_format,532, as,472,6.0,assistant,86.0,1126,6.0
1,basic_no_format,533, the,290,6.0,assistant,87.0,1127,6.0
1,basic_no_format,534, test,1746,6.0,assistant,88.0,1128,6.0
1,basic_no_format,535, of,328,6.0,assistant,89.0,1129,6.0
1,basic_no_format,536, general,5985,6.0,assistant,90.0,1130,6.0
1,basic_no_format,537,ity,536,6.0,assistant,91.0,1131,6.0
1,basic_no_format,538,.,13,6.0,assistant,92.0,1132,6.0
1,basic_no_format,539, This,1328,6.0,assistant,93.0,1133,6.0
1,basic_no_format,540, gives,8967,6.0,assistant,94.0,1134,6.0
1,basic_no_format,541, the,290,6.0,assistant,95.0,1135,6.0
1,basic_no_format,542, reader,10958,6.0,assistant,96.0,1136,6.0
1,basic_no_format,543, a,261,6.0,assistant,97.0,1137,6.0
1,basic_no_format,544, reason,5207,6.0,assistant,98.0,1138,6.0
1,basic_no_format,545, to,316,6.0,assistant,99.0,1139,6.0
1,basic_no_format,546, care,2631,6.0,assistant,100.0,1140,6.0
1,basic_no_format,547, about,1078,6.0,assistant,101.0,1141,6.0
1,basic_no_format,548, the,290,6.0,assistant,102.0,1142,6.0
1,basic_no_format,549, small,3291,6.0,assistant,103.0,1143,6.0
1,basic_no_format,550, example,4994,6.0,assistant,104.0,1144,6.0
1,basic_no_format,551, without,2935,6.0,assistant,105.0,1145,6.0
1,basic_no_format,552, treating,39212,6.0,assistant,106.0,1146,6.0
1,basic_no_format,553, it,480,6.0,assistant,107.0,1147,6.0
1,basic_no_format,554, as,472,6.0,assistant,108.0,1148,6.0
1,basic_no_format,555, population,11540,6.0,assistant,109.0,1149,6.0
1,basic_no_format,556, evidence,11716,6.0,assistant,110.0,1150,6.0
1,basic_no_format,557,.,13,6.0,assistant,111.0,1151,6.0
2,everything_in_user_tags,0,<|startoftext|>,199998,,,,1152,
2,everything_in_user_tags,1,<|start|>,200006,,,,1153,
2,everything_in_user_tags,2,user,1428,,,,1154,
2,everything_in_user_tags,3,<|message|>,200008,,,,1155,
2,everything_in_user_tags,4,You,3575,0.0,system,1.0,1156,0.0
2,everything_in_user_tags,5, are,553,0.0,system,2.0,1157,0.0
2,everything_in_user_tags,6, Chat,17554,0.0,system,3.0,1158,0.0
2,everything_in_user_tags,7,GPT,162016,0.0,system,4.0,1159,0.0
2,everything_in_user_tags,8,",",11,0.0,system,5.0,1160,0.0
2,everything_in_user_tags,9, a,261,0.0,system,6.0,1161,0.0
2,everything_in_user_tags,10, large,4410,0.0,system,7.0,1162,0.0
2,everything_in_user_tags,11, language,6439,0.0,system,8.0,1163,0.0
2,everything_in_user_tags,12, model,2359,0.0,system,9.0,1164,0.0
2,everything_in_user_tags,13, trained,22203,0.0,system,10.0,1165,0.0
2,everything_in_user_tags,14, by,656,0.0,system,11.0,1166,0.0
2,everything_in_user_tags,15, Open,7788,0.0,system,12.0,1167,0.0
2,everything_in_user_tags,16,AI,17527,0.0,system,13.0,1168,0.0
2,everything_in_user_tags,17,".
",558,0.0,system,14.0,1169,0.0
2,everything_in_user_tags,18,Knowledge,87447,0.0,system,15.0,1170,0.0
2,everything_in_user_tags,19, cutoff,100594,0.0,system,16.0,1171,0.0
2,everything_in_user_tags,20,:,25,0.0,system,17.0,1172,0.0
2,everything_in_user_tags,21, ,220,0.0,system,18.0,1173,0.0
2,everything_in_user_tags,22,202,1323,0.0,system,19.0,1174,0.0
2,everything_in_user_tags,23,4,19,0.0,system,20.0,1175,0.0
2,everything_in_user_tags,24,-,12,0.0,system,21.0,1176,0.0
2,everything_in_user_tags,25,06,3218,0.0,system,22.0,1177,0.0
2,everything_in_user_tags,26,"
",198,0.0,system,23.0,1178,0.0
2,everything_in_user_tags,27,Current,6576,0.0,system,24.0,1179,0.0
2,everything_in_user_tags,28, date,3521,0.0,system,25.0,1180,0.0
2,everything_in_user_tags,29,:,25,0.0,system,26.0,1181,0.0
2,everything_in_user_tags,30, ,220,0.0,system,27.0,1182,0.0
2,everything_in_user_tags,31,202,1323,0.0,system,28.0,1183,0.0
2,everything_in_user_tags,32,5,20,0.0,system,29.0,1184,0.0
2,everything_in_user_tags,33,-,12,0.0,system,30.0,1185,0.0
2,everything_in_user_tags,34,10,702,0.0,system,31.0,1186,0.0
2,everything_in_user_tags,35,-,12,0.0,system,32.0,1187,0.0
2,everything_in_user_tags,36,01,2290,0.0,system,33.0,1188,0.0
2,everything_in_user_tags,37,"

",279,0.0,system,34.0,1189,0.0
2,everything_in_user_tags,38,Reason,30377,0.0,system,35.0,1190,0.0
2,everything_in_user_tags,39,ing,289,0.0,system,36.0,1191,0.0
2,everything_in_user_tags,40,:,25,0.0,system,37.0,1192,0.0
2,everything_in_user_tags,41, medium,14093,0.0,system,38.0,1193,0.0
2,everything_in_user_tags,42,"

",279,0.0,system,39.0,1194,0.0
2,everything_in_user_tags,43,#,2,0.0,system,40.0,1195,0.0
2,everything_in_user_tags,44, Valid,13888,0.0,system,41.0,1196,0.0
2,everything_in_user_tags,45, channels,18403,0.0,system,42.0,1197,0.0
2,everything_in_user_tags,46,:,25,0.0,system,43.0,1198,0.0
2,everything_in_user_tags,47, analysis,8450,0.0,system,44.0,1199,0.0
2,everything_in_user_tags,48,",",11,0.0,system,45.0,1200,0.0
2,everything_in_user_tags,49, commentary,49159,0.0,system,46.0,1201,0.0
2,everything_in_user_tags,50,",",11,0.0,system,47.0,1202,0.0
2,everything_in_user_tags,51, final,1721,0.0,system,48.0,1203,0.0
2,everything_in_user_tags,52,.,13,0.0,system,49.0,1204,0.0
2,everything_in_user_tags,53, Channel,21030,0.0,system,50.0,1205,0.0
2,everything_in_user_tags,54, must,2804,0.0,system,51.0,1206,0.0
2,everything_in_user_tags,55, be,413,0.0,system,52.0,1207,0.0
2,everything_in_user_tags,56, included,7360,0.0,system,53.0,1208,0.0
2,everything_in_user_tags,57, for,395,0.0,system,54.0,1209,0.0
2,everything_in_user_tags,58, every,1753,0.0,system,55.0,1210,0.0
2,everything_in_user_tags,59, message,3176,0.0,system,56.0,1211,0.0
2,everything_in_user_tags,60,".
",558,0.0,system,57.0,1212,0.0
2,everything_in_user_tags,61,Hi,12194,1.0,user,1.0,1213,1.0
2,everything_in_user_tags,62,!,0,1.0,user,2.0,1214,1.0
2,everything_in_user_tags,63, I'm,5477,1.0,user,3.0,1215,1.0
2,everything_in_user_tags,64, sketch,37890,1.0,user,4.0,1216,1.0
2,everything_in_user_tags,65,ing,289,1.0,user,5.0,1217,1.0
2,everything_in_user_tags,66, a,261,1.0,user,6.0,1218,1.0
2,everything_in_user_tags,67, M,391,1.0,user,7.0,1219,1.0
2,everything_in_user_tags,68,ATS,42222,1.0,user,8.0,1220,1.0
2,everything_in_user_tags,69, project,2993,1.0,user,9.0,1221,1.0
2,everything_in_user_tags,70, to,316,1.0,user,10.0,1222,1.0
2,everything_in_user_tags,71, discuss,5381,1.0,user,11.0,1223,1.0
2,everything_in_user_tags,72, with,483,1.0,user,12.0,1224,1.0
2,everything_in_user_tags,73, Ne,4475,1.0,user,13.0,1225,1.0
2,everything_in_user_tags,74,el,296,1.0,user,14.0,1226,1.0
2,everything_in_user_tags,75,.,13,1.0,user,15.0,1227,1.0
2,everything_in_user_tags,76, I,357,1.0,user,16.0,1228,1.0
2,everything_in_user_tags,77, have,679,1.0,user,17.0,1229,1.0
2,everything_in_user_tags,78, ideas,7865,1.0,user,18.0,1230,1.0
2,everything_in_user_tags,79, about,1078,1.0,user,19.0,1231,1.0
2,everything_in_user_tags,80, role,5430,1.0,user,20.0,1232,1.0
2,everything_in_user_tags,81, probes,127387,1.0,user,21.0,1233,1.0
2,everything_in_user_tags,82,",",11,1.0,user,22.0,1234,1.0
2,everything_in_user_tags,83, steering,49066,1.0,user,23.0,1235,1.0
2,everything_in_user_tags,84, vectors,52254,1.0,user,24.0,1236,1.0
2,everything_in_user_tags,85,",",11,1.0,user,25.0,1237,1.0
2,everything_in_user_tags,86, and,326,1.0,user,26.0,1238,1.0
2,everything_in_user_tags,87, agent,11793,1.0,user,27.0,1239,1.0
2,everything_in_user_tags,88, behavior,12741,1.0,user,28.0,1240,1.0
2,everything_in_user_tags,89,",",11,1.0,user,29.0,1241,1.0
2,everything_in_user_tags,90, but,889,1.0,user,30.0,1242,1.0
2,everything_in_user_tags,91, the,290,1.0,user,31.0,1243,1.0
2,everything_in_user_tags,92, plan,3496,1.0,user,32.0,1244,1.0
2,everything_in_user_tags,93, feels,16591,1.0,user,33.0,1245,1.0
2,everything_in_user_tags,94, scattered,67096,1.0,user,34.0,1246,1.0
2,everything_in_user_tags,95,.,13,1.0,user,35.0,1247,1.0
2,everything_in_user_tags,96, How,3253,1.0,user,36.0,1248,1.0
2,everything_in_user_tags,97, can,665,1.0,user,37.0,1249,1.0
2,everything_in_user_tags,98, I,357,1.0,user,38.0,1250,1.0
2,everything_in_user_tags,99, turn,3716,1.0,user,39.0,1251,1.0
2,everything_in_user_tags,100, these,1879,1.0,user,40.0,1252,1.0
2,everything_in_user_tags,101, into,1511,1.0,user,41.0,1253,1.0
2,everything_in_user_tags,102, one,1001,1.0,user,42.0,1254,1.0
2,everything_in_user_tags,103, useful,8316,1.0,user,43.0,1255,1.0
2,everything_in_user_tags,104, research,4176,1.0,user,44.0,1256,1.0
2,everything_in_user_tags,105, question,4928,1.0,user,45.0,1257,1.0
2,everything_in_user_tags,106,"?
",3901,1.0,user,46.0,1258,1.0
2,everything_in_user_tags,107,The,976,2.0,cot,1.0,1259,2.0
2,everything_in_user_tags,108, user,1825,2.0,cot,2.0,1260,2.0
2,everything_in_user_tags,109, wants,10648,2.0,cot,3.0,1261,2.0
2,everything_in_user_tags,110, help,1652,2.0,cot,4.0,1262,2.0
2,everything_in_user_tags,111, narrowing,173036,2.0,cot,5.0,1263,2.0
2,everything_in_user_tags,112, a,261,2.0,cot,6.0,1264,2.0
2,everything_in_user_tags,113, research,4176,2.0,cot,7.0,1265,2.0
2,everything_in_user_tags,114, plan,3496,2.0,cot,8.0,1266,2.0
2,everything_in_user_tags,115,",",11,2.0,cot,9.0,1267,2.0
2,everything_in_user_tags,116, rather,7542,2.0,cot,10.0,1268,2.0
2,everything_in_user_tags,117, than,1572,2.0,cot,11.0,1269,2.0
2,everything_in_user_tags,118, a,261,2.0,cot,12.0,1270,2.0
2,everything_in_user_tags,119, list,1562,2.0,cot,13.0,1271,2.0
2,everything_in_user_tags,120, of,328,2.0,cot,14.0,1272,2.0
2,everything_in_user_tags,121, additional,6623,2.0,cot,15.0,1273,2.0
2,everything_in_user_tags,122, techniques,12905,2.0,cot,16.0,1274,2.0
2,everything_in_user_tags,123,.,13,2.0,cot,17.0,1275,2.0
2,everything_in_user_tags,124, I,357,2.0,cot,18.0,1276,2.0
2,everything_in_user_tags,125, should,1757,2.0,cot,19.0,1277,2.0
2,everything_in_user_tags,126, begin,4252,2.0,cot,20.0,1278,2.0
2,everything_in_user_tags,127, with,483,2.0,cot,21.0,1279,2.0
2,everything_in_user_tags,128, the,290,2.0,cot,22.0,1280,2.0
2,everything_in_user_tags,129, decision,8660,2.0,cot,23.0,1281,2.0
2,everything_in_user_tags,130, the,290,2.0,cot,24.0,1282,2.0
2,everything_in_user_tags,131, project,2993,2.0,cot,25.0,1283,2.0
2,everything_in_user_tags,132, could,2023,2.0,cot,26.0,1284,2.0
2,everything_in_user_tags,133, change,3343,2.0,cot,27.0,1285,2.0
2,everything_in_user_tags,134,.,13,2.0,cot,28.0,1286,2.0
2,everything_in_user_tags,135, Role,24128,2.0,cot,29.0,1287,2.0
2,everything_in_user_tags,136, classification,39594,2.0,cot,30.0,1288,2.0
2,everything_in_user_tags,137, and,326,2.0,cot,31.0,1289,2.0
2,everything_in_user_tags,138, behavior,12741,2.0,cot,32.0,1290,2.0
2,everything_in_user_tags,139, are,553,2.0,cot,33.0,1291,2.0
2,everything_in_user_tags,140, related,7168,2.0,cot,34.0,1292,2.0
2,everything_in_user_tags,141, questions,5359,2.0,cot,35.0,1293,2.0
2,everything_in_user_tags,142,",",11,2.0,cot,36.0,1294,2.0
2,everything_in_user_tags,143, but,889,2.0,cot,37.0,1295,2.0
2,everything_in_user_tags,144, a,261,2.0,cot,38.0,1296,2.0
2,everything_in_user_tags,145, probe,31925,2.0,cot,39.0,1297,2.0
2,everything_in_user_tags,146, score,8429,2.0,cot,40.0,1298,2.0
2,everything_in_user_tags,147, alone,11238,2.0,cot,41.0,1299,2.0
2,everything_in_user_tags,148, cannot,6284,2.0,cot,42.0,1300,2.0
2,everything_in_user_tags,149, settle,36551,2.0,cot,43.0,1301,2.0
2,everything_in_user_tags,150, whether,5588,2.0,cot,44.0,1302,2.0
2,everything_in_user_tags,151, an,448,2.0,cot,45.0,1303,2.0
2,everything_in_user_tags,152, agent,11793,2.0,cot,46.0,1304,2.0
2,everything_in_user_tags,153, follows,18183,2.0,cot,47.0,1305,2.0
2,everything_in_user_tags,154, a,261,2.0,cot,48.0,1306,2.0
2,everything_in_user_tags,155, command,6348,2.0,cot,49.0,1307,2.0
2,everything_in_user_tags,156,.,13,2.0,cot,50.0,1308,2.0
2,everything_in_user_tags,157, A,355,2.0,cot,51.0,1309,2.0
2,everything_in_user_tags,158, concrete,19230,2.0,cot,52.0,1310,2.0
2,everything_in_user_tags,159, first,1577,2.0,cot,53.0,1311,2.0
2,everything_in_user_tags,160, step,5983,2.0,cot,54.0,1312,2.0
2,everything_in_user_tags,161, is,382,2.0,cot,55.0,1313,2.0
2,everything_in_user_tags,162, to,316,2.0,cot,56.0,1314,2.0
2,everything_in_user_tags,163, choose,5655,2.0,cot,57.0,1315,2.0
2,everything_in_user_tags,164, one,1001,2.0,cot,58.0,1316,2.0
2,everything_in_user_tags,165, behavior,12741,2.0,cot,59.0,1317,2.0
2,everything_in_user_tags,166,",",11,2.0,cot,60.0,1318,2.0
2,everything_in_user_tags,167, identify,11410,2.0,cot,61.0,1319,2.0
2,everything_in_user_tags,168, two,1920,2.0,cot,62.0,1320,2.0
2,everything_in_user_tags,169, explanations,69457,2.0,cot,63.0,1321,2.0
2,everything_in_user_tags,170,",",11,2.0,cot,64.0,1322,2.0
2,everything_in_user_tags,171, and,326,2.0,cot,65.0,1323,2.0
2,everything_in_user_tags,172, design,2364,2.0,cot,66.0,1324,2.0
2,everything_in_user_tags,173, a,261,2.0,cot,67.0,1325,2.0
2,everything_in_user_tags,174, comparison,19211,2.0,cot,68.0,1326,2.0
2,everything_in_user_tags,175, that,484,2.0,cot,69.0,1327,2.0
2,everything_in_user_tags,176, separates,107131,2.0,cot,70.0,1328,2.0
2,everything_in_user_tags,177, them,1373,2.0,cot,71.0,1329,2.0
2,everything_in_user_tags,178,.,13,2.0,cot,72.0,1330,2.0
2,everything_in_user_tags,179, I,357,2.0,cot,73.0,1331,2.0
2,everything_in_user_tags,180, should,1757,2.0,cot,74.0,1332,2.0
2,everything_in_user_tags,181, keep,3357,2.0,cot,75.0,1333,2.0
2,everything_in_user_tags,182, the,290,2.0,cot,76.0,1334,2.0
2,everything_in_user_tags,183, example,4994,2.0,cot,77.0,1335,2.0
2,everything_in_user_tags,184, small,3291,2.0,cot,78.0,1336,2.0
2,everything_in_user_tags,185, enough,4951,2.0,cot,79.0,1337,2.0
2,everything_in_user_tags,186, to,316,2.0,cot,80.0,1338,2.0
2,everything_in_user_tags,187, understand,4218,2.0,cot,81.0,1339,2.0
2,everything_in_user_tags,188, while,2049,2.0,cot,82.0,1340,2.0
2,everything_in_user_tags,189, explaining,45379,2.0,cot,83.0,1341,2.0
2,everything_in_user_tags,190, how,1495,2.0,cot,84.0,1342,2.0
2,everything_in_user_tags,191, a,261,2.0,cot,85.0,1343,2.0
2,everything_in_user_tags,192, later,4849,2.0,cot,86.0,1344,2.0
2,everything_in_user_tags,193, evaluation,21407,2.0,cot,87.0,1345,2.0
2,everything_in_user_tags,194, would,1481,2.0,cot,88.0,1346,2.0
2,everything_in_user_tags,195, test,1746,2.0,cot,89.0,1347,2.0
2,everything_in_user_tags,196, whether,5588,2.0,cot,90.0,1348,2.0
2,everything_in_user_tags,197, it,480,2.0,cot,91.0,1349,2.0
2,everything_in_user_tags,198, extends,3658,2.0,cot,92.0,1350,2.0
2,everything_in_user_tags,199, beyond,11615,2.0,cot,93.0,1351,2.0
2,everything_in_user_tags,200, the,290,2.0,cot,94.0,1352,2.0
2,everything_in_user_tags,201, initial,4871,2.0,cot,95.0,1353,2.0
2,everything_in_user_tags,202, case,1890,2.0,cot,96.0,1354,2.0
2,everything_in_user_tags,203,".
",558,2.0,cot,97.0,1355,2.0
2,everything_in_user_tags,204,Start,4459,3.0,assistant,1.0,1356,3.0
2,everything_in_user_tags,205, with,483,3.0,assistant,2.0,1357,3.0
2,everything_in_user_tags,206, a,261,3.0,assistant,3.0,1358,3.0
2,everything_in_user_tags,207, question,4928,3.0,assistant,4.0,1359,3.0
2,everything_in_user_tags,208, that,484,3.0,assistant,5.0,1360,3.0
2,everything_in_user_tags,209, connects,47599,3.0,assistant,6.0,1361,3.0
2,everything_in_user_tags,210, a,261,3.0,assistant,7.0,1362,3.0
2,everything_in_user_tags,211, measurement,27666,3.0,assistant,8.0,1363,3.0
2,everything_in_user_tags,212, to,316,3.0,assistant,9.0,1364,3.0
2,everything_in_user_tags,213, a,261,3.0,assistant,10.0,1365,3.0
2,everything_in_user_tags,214, decision,8660,3.0,assistant,11.0,1366,3.0
2,everything_in_user_tags,215,:,25,3.0,assistant,12.0,1367,3.0
2,everything_in_user_tags,216, does,2226,3.0,assistant,13.0,1368,3.0
2,everything_in_user_tags,217, changing,13784,3.0,assistant,14.0,1369,3.0
2,everything_in_user_tags,218, a,261,3.0,assistant,15.0,1370,3.0
2,everything_in_user_tags,219, message,3176,3.0,assistant,16.0,1371,3.0
2,everything_in_user_tags,220,'s,885,3.0,assistant,17.0,1372,3.0
2,everything_in_user_tags,221, role,5430,3.0,assistant,18.0,1373,3.0
2,everything_in_user_tags,222, label,4208,3.0,assistant,19.0,1374,3.0
2,everything_in_user_tags,223, change,3343,3.0,assistant,20.0,1375,3.0
2,everything_in_user_tags,224, which,1118,3.0,assistant,21.0,1376,3.0
2,everything_in_user_tags,225, instruction,21179,3.0,assistant,22.0,1377,3.0
2,everything_in_user_tags,226, the,290,3.0,assistant,23.0,1378,3.0
2,everything_in_user_tags,227, assistant,29186,3.0,assistant,24.0,1379,3.0
2,everything_in_user_tags,228, follows,18183,3.0,assistant,25.0,1380,3.0
2,everything_in_user_tags,229,?,30,3.0,assistant,26.0,1381,3.0
2,everything_in_user_tags,230, Write,16465,3.0,assistant,27.0,1382,3.0
2,everything_in_user_tags,231, down,1917,3.0,assistant,28.0,1383,3.0
2,everything_in_user_tags,232, one,1001,3.0,assistant,29.0,1384,3.0
2,everything_in_user_tags,233, ordinary,30633,3.0,assistant,30.0,1385,3.0
2,everything_in_user_tags,234, task,5296,3.0,assistant,31.0,1386,3.0
2,everything_in_user_tags,235,",",11,3.0,assistant,32.0,1387,3.0
2,everything_in_user_tags,236, one,1001,3.0,assistant,33.0,1388,3.0
2,everything_in_user_tags,237, conflicting,103913,3.0,assistant,34.0,1389,3.0
2,everything_in_user_tags,238, instruction,21179,3.0,assistant,35.0,1390,3.0
2,everything_in_user_tags,239,",",11,3.0,assistant,36.0,1391,3.0
2,everything_in_user_tags,240, and,326,3.0,assistant,37.0,1392,3.0
2,everything_in_user_tags,241, the,290,3.0,assistant,38.0,1393,3.0
2,everything_in_user_tags,242, behavior,12741,3.0,assistant,39.0,1394,3.0
2,everything_in_user_tags,243, you,481,3.0,assistant,40.0,1395,3.0
2,everything_in_user_tags,244, will,738,3.0,assistant,41.0,1396,3.0
2,everything_in_user_tags,245, score,8429,3.0,assistant,42.0,1397,3.0
2,everything_in_user_tags,246,.,13,3.0,assistant,43.0,1398,3.0
2,everything_in_user_tags,247, Then,7801,3.0,assistant,44.0,1399,3.0
2,everything_in_user_tags,248, compare,12221,3.0,assistant,45.0,1400,3.0
2,everything_in_user_tags,249, the,290,3.0,assistant,46.0,1401,3.0
2,everything_in_user_tags,250, same,2684,3.0,assistant,47.0,1402,3.0
2,everything_in_user_tags,251, text,2201,3.0,assistant,48.0,1403,3.0
2,everything_in_user_tags,252, under,1641,3.0,assistant,49.0,1404,3.0
2,everything_in_user_tags,253, different,2647,3.0,assistant,50.0,1405,3.0
2,everything_in_user_tags,254, labels,17125,3.0,assistant,51.0,1406,3.0
2,everything_in_user_tags,255, while,2049,3.0,assistant,52.0,1407,3.0
2,everything_in_user_tags,256, keeping,13958,3.0,assistant,53.0,1408,3.0
2,everything_in_user_tags,257, the,290,3.0,assistant,54.0,1409,3.0
2,everything_in_user_tags,258, rest,2867,3.0,assistant,55.0,1410,3.0
2,everything_in_user_tags,259, of,328,3.0,assistant,56.0,1411,3.0
2,everything_in_user_tags,260, the,290,3.0,assistant,57.0,1412,3.0
2,everything_in_user_tags,261, conversation,15681,3.0,assistant,58.0,1413,3.0
2,everything_in_user_tags,262, fixed,13213,3.0,assistant,59.0,1414,3.0
2,everything_in_user_tags,263,.,13,3.0,assistant,60.0,1415,3.0
2,everything_in_user_tags,264, Use,7649,3.0,assistant,61.0,1416,3.0
2,everything_in_user_tags,265, the,290,3.0,assistant,62.0,1417,3.0
2,everything_in_user_tags,266, probe,31925,3.0,assistant,63.0,1418,3.0
2,everything_in_user_tags,267, to,316,3.0,assistant,64.0,1419,3.0
2,everything_in_user_tags,268, describe,12886,3.0,assistant,65.0,1420,3.0
2,everything_in_user_tags,269, the,290,3.0,assistant,66.0,1421,3.0
2,everything_in_user_tags,270, internal,8812,3.0,assistant,67.0,1422,3.0
2,everything_in_user_tags,271, change,3343,3.0,assistant,68.0,1423,3.0
2,everything_in_user_tags,272,",",11,3.0,assistant,69.0,1424,3.0
2,everything_in_user_tags,273, and,326,3.0,assistant,70.0,1425,3.0
2,everything_in_user_tags,274, inspect,36665,3.0,assistant,71.0,1426,3.0
2,everything_in_user_tags,275, the,290,3.0,assistant,72.0,1427,3.0
2,everything_in_user_tags,276, answer,6052,3.0,assistant,73.0,1428,3.0
2,everything_in_user_tags,277, separately,37741,3.0,assistant,74.0,1429,3.0
2,everything_in_user_tags,278, to,316,3.0,assistant,75.0,1430,3.0
2,everything_in_user_tags,279, measure,9714,3.0,assistant,76.0,1431,3.0
2,everything_in_user_tags,280, behavior,12741,3.0,assistant,77.0,1432,3.0
2,everything_in_user_tags,281,.,13,3.0,assistant,78.0,1433,3.0
2,everything_in_user_tags,282, Your,4886,3.0,assistant,79.0,1434,3.0
2,everything_in_user_tags,283, first,1577,3.0,assistant,80.0,1435,3.0
2,everything_in_user_tags,284, deliver,7000,3.0,assistant,81.0,1436,3.0
2,everything_in_user_tags,285,able,562,3.0,assistant,82.0,1437,3.0
2,everything_in_user_tags,286, can,665,3.0,assistant,83.0,1438,3.0
2,everything_in_user_tags,287, be,413,3.0,assistant,84.0,1439,3.0
2,everything_in_user_tags,288, a,261,3.0,assistant,85.0,1440,3.0
2,everything_in_user_tags,289, single,4590,3.0,assistant,86.0,1441,3.0
2,everything_in_user_tags,290, transparent,27793,3.0,assistant,87.0,1442,3.0
2,everything_in_user_tags,291, comparison,19211,3.0,assistant,88.0,1443,3.0
2,everything_in_user_tags,292, with,483,3.0,assistant,89.0,1444,3.0
2,everything_in_user_tags,293, two,1920,3.0,assistant,90.0,1445,3.0
2,everything_in_user_tags,294, plausible,120152,3.0,assistant,91.0,1446,3.0
2,everything_in_user_tags,295, explanations,69457,3.0,assistant,92.0,1447,3.0
2,everything_in_user_tags,296, and,326,3.0,assistant,93.0,1448,3.0
2,everything_in_user_tags,297, one,1001,3.0,assistant,94.0,1449,3.0
2,everything_in_user_tags,298, control,3580,3.0,assistant,95.0,1450,3.0
2,everything_in_user_tags,299, that,484,3.0,assistant,96.0,1451,3.0
2,everything_in_user_tags,300, distinguishes,189092,3.0,assistant,97.0,1452,3.0
2,everything_in_user_tags,301, them,1373,3.0,assistant,98.0,1453,3.0
2,everything_in_user_tags,302,.,13,3.0,assistant,99.0,1454,3.0
2,everything_in_user_tags,303, Expand,81299,3.0,assistant,100.0,1455,3.0
2,everything_in_user_tags,304, the,290,3.0,assistant,101.0,1456,3.0
2,everything_in_user_tags,305, sample,10176,3.0,assistant,102.0,1457,3.0
2,everything_in_user_tags,306, after,1934,3.0,assistant,103.0,1458,3.0
2,everything_in_user_tags,307, the,290,3.0,assistant,104.0,1459,3.0
2,everything_in_user_tags,308, task,5296,3.0,assistant,105.0,1460,3.0
2,everything_in_user_tags,309, and,326,3.0,assistant,106.0,1461,3.0
2,everything_in_user_tags,310, measurement,27666,3.0,assistant,107.0,1462,3.0
2,everything_in_user_tags,311, are,553,3.0,assistant,108.0,1463,3.0
2,everything_in_user_tags,312, working,4113,3.0,assistant,109.0,1464,3.0
2,everything_in_user_tags,313,".
",558,3.0,assistant,110.0,1465,3.0
2,everything_in_user_tags,314,Thanks,14897,4.0,user,1.0,1466,4.0
2,everything_in_user_tags,315,!,0,4.0,user,2.0,1467,4.0
2,everything_in_user_tags,316, How,3253,4.0,user,3.0,1468,4.0
2,everything_in_user_tags,317, would,1481,4.0,user,4.0,1469,4.0
2,everything_in_user_tags,318, I,357,4.0,user,5.0,1470,4.0
2,everything_in_user_tags,319, explain,16644,4.0,user,6.0,1471,4.0
2,everything_in_user_tags,320, this,495,4.0,user,7.0,1472,4.0
2,everything_in_user_tags,321, choice,7158,4.0,user,8.0,1473,4.0
2,everything_in_user_tags,322, in,306,4.0,user,9.0,1474,4.0
2,everything_in_user_tags,323, the,290,4.0,user,10.0,1475,4.0
2,everything_in_user_tags,324, M,391,4.0,user,11.0,1476,4.0
2,everything_in_user_tags,325,ATS,42222,4.0,user,12.0,1477,4.0
2,everything_in_user_tags,326, write,5067,4.0,user,13.0,1478,4.0
2,everything_in_user_tags,327,-up,7288,4.0,user,14.0,1479,4.0
2,everything_in_user_tags,328, without,2935,4.0,user,15.0,1480,4.0
2,everything_in_user_tags,329, making,4137,4.0,user,16.0,1481,4.0
2,everything_in_user_tags,330, a,261,4.0,user,17.0,1482,4.0
2,everything_in_user_tags,331, tiny,20049,4.0,user,18.0,1483,4.0
2,everything_in_user_tags,332, example,4994,4.0,user,19.0,1484,4.0
2,everything_in_user_tags,333, sound,7351,4.0,user,20.0,1485,4.0
2,everything_in_user_tags,334, more,945,4.0,user,21.0,1486,4.0
2,everything_in_user_tags,335, con,406,4.0,user,22.0,1487,4.0
2,everything_in_user_tags,336,clusive,23591,4.0,user,23.0,1488,4.0
2,everything_in_user_tags,337, than,1572,4.0,user,24.0,1489,4.0
2,everything_in_user_tags,338, it,480,4.0,user,25.0,1490,4.0
2,everything_in_user_tags,339, is,382,4.0,user,26.0,1491,4.0
2,everything_in_user_tags,340,?,30,4.0,user,27.0,1492,4.0
2,everything_in_user_tags,341, I'd,18754,4.0,user,28.0,1493,4.0
2,everything_in_user_tags,342, like,1299,4.0,user,29.0,1494,4.0
2,everything_in_user_tags,343, the,290,4.0,user,30.0,1495,4.0
2,everything_in_user_tags,344, reader,10958,4.0,user,31.0,1496,4.0
2,everything_in_user_tags,345, to,316,4.0,user,32.0,1497,4.0
2,everything_in_user_tags,346, understand,4218,4.0,user,33.0,1498,4.0
2,everything_in_user_tags,347, why,4436,4.0,user,34.0,1499,4.0
2,everything_in_user_tags,348, this,495,4.0,user,35.0,1500,4.0
2,everything_in_user_tags,349, was,673,4.0,user,36.0,1501,4.0
2,everything_in_user_tags,350, a,261,4.0,user,37.0,1502,4.0
2,everything_in_user_tags,351, sensible,45493,4.0,user,38.0,1503,4.0
2,everything_in_user_tags,352, place,2475,4.0,user,39.0,1504,4.0
2,everything_in_user_tags,353, to,316,4.0,user,40.0,1505,4.0
2,everything_in_user_tags,354, start,1604,4.0,user,41.0,1506,4.0
2,everything_in_user_tags,355,".
",558,4.0,user,42.0,1507,4.0
2,everything_in_user_tags,356,The,976,5.0,cot,1.0,1508,5.0
2,everything_in_user_tags,357, user,1825,5.0,cot,2.0,1509,5.0
2,everything_in_user_tags,358, now,1954,5.0,cot,3.0,1510,5.0
2,everything_in_user_tags,359, needs,4414,5.0,cot,4.0,1511,5.0
2,everything_in_user_tags,360, language,6439,5.0,cot,5.0,1512,5.0
2,everything_in_user_tags,361, that,484,5.0,cot,6.0,1513,5.0
2,everything_in_user_tags,362, connects,47599,5.0,cot,7.0,1514,5.0
2,everything_in_user_tags,363, a,261,5.0,cot,8.0,1515,5.0
2,everything_in_user_tags,364, small,3291,5.0,cot,9.0,1516,5.0
2,everything_in_user_tags,365, exploratory,198889,5.0,cot,10.0,1517,5.0
2,everything_in_user_tags,366, comparison,19211,5.0,cot,11.0,1518,5.0
2,everything_in_user_tags,367, to,316,5.0,cot,12.0,1519,5.0
2,everything_in_user_tags,368, a,261,5.0,cot,13.0,1520,5.0
2,everything_in_user_tags,369, larger,12384,5.0,cot,14.0,1521,5.0
2,everything_in_user_tags,370, research,4176,5.0,cot,15.0,1522,5.0
2,everything_in_user_tags,371, aim,11773,5.0,cot,16.0,1523,5.0
2,everything_in_user_tags,372,.,13,5.0,cot,17.0,1524,5.0
2,everything_in_user_tags,373, I,357,5.0,cot,18.0,1525,5.0
2,everything_in_user_tags,374, should,1757,5.0,cot,19.0,1526,5.0
2,everything_in_user_tags,375, distinguish,59938,5.0,cot,20.0,1527,5.0
2,everything_in_user_tags,376, why,4436,5.0,cot,21.0,1528,5.0
2,everything_in_user_tags,377, the,290,5.0,cot,22.0,1529,5.0
2,everything_in_user_tags,378, example,4994,5.0,cot,23.0,1530,5.0
2,everything_in_user_tags,379, is,382,5.0,cot,24.0,1531,5.0
2,everything_in_user_tags,380, informative,36918,5.0,cot,25.0,1532,5.0
2,everything_in_user_tags,381, from,591,5.0,cot,26.0,1533,5.0
2,everything_in_user_tags,382, how,1495,5.0,cot,27.0,1534,5.0
2,everything_in_user_tags,383, broadly,84784,5.0,cot,28.0,1535,5.0
2,everything_in_user_tags,384, it,480,5.0,cot,29.0,1536,5.0
2,everything_in_user_tags,385, general,5985,5.0,cot,30.0,1537,5.0
2,everything_in_user_tags,386,izes,6370,5.0,cot,31.0,1538,5.0
2,everything_in_user_tags,387,.,13,5.0,cot,32.0,1539,5.0
2,everything_in_user_tags,388, A,355,5.0,cot,33.0,1540,5.0
2,everything_in_user_tags,389, small,3291,5.0,cot,34.0,1541,5.0
2,everything_in_user_tags,390, case,1890,5.0,cot,35.0,1542,5.0
2,everything_in_user_tags,391, can,665,5.0,cot,36.0,1543,5.0
2,everything_in_user_tags,392, establish,12791,5.0,cot,37.0,1544,5.0
2,everything_in_user_tags,393, that,484,5.0,cot,38.0,1545,5.0
2,everything_in_user_tags,394, a,261,5.0,cot,39.0,1546,5.0
2,everything_in_user_tags,395, pattern,8302,5.0,cot,40.0,1547,5.0
2,everything_in_user_tags,396, exists,13031,5.0,cot,41.0,1548,5.0
2,everything_in_user_tags,397, in,306,5.0,cot,42.0,1549,5.0
2,everything_in_user_tags,398, that,484,5.0,cot,43.0,1550,5.0
2,everything_in_user_tags,399, case,1890,5.0,cot,44.0,1551,5.0
2,everything_in_user_tags,400, and,326,5.0,cot,45.0,1552,5.0
2,everything_in_user_tags,401, expose,49768,5.0,cot,46.0,1553,5.0
2,everything_in_user_tags,402, bugs,39184,5.0,cot,47.0,1554,5.0
2,everything_in_user_tags,403, in,306,5.0,cot,48.0,1555,5.0
2,everything_in_user_tags,404, the,290,5.0,cot,49.0,1556,5.0
2,everything_in_user_tags,405, measurement,27666,5.0,cot,50.0,1557,5.0
2,everything_in_user_tags,406,.,13,5.0,cot,51.0,1558,5.0
2,everything_in_user_tags,407, It,1225,5.0,cot,52.0,1559,5.0
2,everything_in_user_tags,408, cannot,6284,5.0,cot,53.0,1560,5.0
2,everything_in_user_tags,409, estimate,24572,5.0,cot,54.0,1561,5.0
2,everything_in_user_tags,410, the,290,5.0,cot,55.0,1562,5.0
2,everything_in_user_tags,411, frequency,19813,5.0,cot,56.0,1563,5.0
2,everything_in_user_tags,412, of,328,5.0,cot,57.0,1564,5.0
2,everything_in_user_tags,413, the,290,5.0,cot,58.0,1565,5.0
2,everything_in_user_tags,414, pattern,8302,5.0,cot,59.0,1566,5.0
2,everything_in_user_tags,415, across,5251,5.0,cot,60.0,1567,5.0
2,everything_in_user_tags,416, tasks,13638,5.0,cot,61.0,1568,5.0
2,everything_in_user_tags,417,.,13,5.0,cot,62.0,1569,5.0
2,everything_in_user_tags,418, The,623,5.0,cot,63.0,1570,5.0
2,everything_in_user_tags,419, answer,6052,5.0,cot,64.0,1571,5.0
2,everything_in_user_tags,420, should,1757,5.0,cot,65.0,1572,5.0
2,everything_in_user_tags,421, therefore,12880,5.0,cot,66.0,1573,5.0
2,everything_in_user_tags,422, put,3006,5.0,cot,67.0,1574,5.0
2,everything_in_user_tags,423, the,290,5.0,cot,68.0,1575,5.0
2,everything_in_user_tags,424, question,4928,5.0,cot,69.0,1576,5.0
2,everything_in_user_tags,425, and,326,5.0,cot,70.0,1577,5.0
2,everything_in_user_tags,426, comparison,19211,5.0,cot,71.0,1578,5.0
2,everything_in_user_tags,427, first,1577,5.0,cot,72.0,1579,5.0
2,everything_in_user_tags,428,",",11,5.0,cot,73.0,1580,5.0
2,everything_in_user_tags,429, describe,12886,5.0,cot,74.0,1581,5.0
2,everything_in_user_tags,430, the,290,5.0,cot,75.0,1582,5.0
2,everything_in_user_tags,431, observed,20395,5.0,cot,76.0,1583,5.0
2,everything_in_user_tags,432, result,1534,5.0,cot,77.0,1584,5.0
2,everything_in_user_tags,433, only,1606,5.0,cot,78.0,1585,5.0
2,everything_in_user_tags,434, after,1934,5.0,cot,79.0,1586,5.0
2,everything_in_user_tags,435, it,480,5.0,cot,80.0,1587,5.0
2,everything_in_user_tags,436, is,382,5.0,cot,81.0,1588,5.0
2,everything_in_user_tags,437, measured,26489,5.0,cot,82.0,1589,5.0
2,everything_in_user_tags,438,",",11,5.0,cot,83.0,1590,5.0
2,everything_in_user_tags,439, and,326,5.0,cot,84.0,1591,5.0
2,everything_in_user_tags,440, make,1520,5.0,cot,85.0,1592,5.0
2,everything_in_user_tags,441, the,290,5.0,cot,86.0,1593,5.0
2,everything_in_user_tags,442, next,2613,5.0,cot,87.0,1594,5.0
2,everything_in_user_tags,443, test,1746,5.0,cot,88.0,1595,5.0
2,everything_in_user_tags,444, follow,2622,5.0,cot,89.0,1596,5.0
2,everything_in_user_tags,445, from,591,5.0,cot,90.0,1597,5.0
2,everything_in_user_tags,446, the,290,5.0,cot,91.0,1598,5.0
2,everything_in_user_tags,447, remaining,15448,5.0,cot,92.0,1599,5.0
2,everything_in_user_tags,448, uncertainty,44942,5.0,cot,93.0,1600,5.0
2,everything_in_user_tags,449,".
",558,5.0,cot,94.0,1601,5.0
2,everything_in_user_tags,450,Explain,176289,6.0,assistant,1.0,1602,6.0
2,everything_in_user_tags,451, the,290,6.0,assistant,2.0,1603,6.0
2,everything_in_user_tags,452, purpose,9676,6.0,assistant,3.0,1604,6.0
2,everything_in_user_tags,453, of,328,6.0,assistant,4.0,1605,6.0
2,everything_in_user_tags,454, the,290,6.0,assistant,5.0,1606,6.0
2,everything_in_user_tags,455, example,4994,6.0,assistant,6.0,1607,6.0
2,everything_in_user_tags,456, before,2254,6.0,assistant,7.0,1608,6.0
2,everything_in_user_tags,457, describing,42904,6.0,assistant,8.0,1609,6.0
2,everything_in_user_tags,458, its,1617,6.0,assistant,9.0,1610,6.0
2,everything_in_user_tags,459, outcome,24192,6.0,assistant,10.0,1611,6.0
2,everything_in_user_tags,460,.,13,6.0,assistant,11.0,1612,6.0
2,everything_in_user_tags,461, For,2214,6.0,assistant,12.0,1613,6.0
2,everything_in_user_tags,462, instance,4934,6.0,assistant,13.0,1614,6.0
2,everything_in_user_tags,463,:,25,6.0,assistant,14.0,1615,6.0
2,everything_in_user_tags,464, we,581,6.0,assistant,15.0,1616,6.0
2,everything_in_user_tags,465, begin,4252,6.0,assistant,16.0,1617,6.0
2,everything_in_user_tags,466, with,483,6.0,assistant,17.0,1618,6.0
2,everything_in_user_tags,467, one,1001,6.0,assistant,18.0,1619,6.0
2,everything_in_user_tags,468, controlled,23006,6.0,assistant,19.0,1620,6.0
2,everything_in_user_tags,469, conversation,15681,6.0,assistant,20.0,1621,6.0
2,everything_in_user_tags,470, to,316,6.0,assistant,21.0,1622,6.0
2,everything_in_user_tags,471, make,1520,6.0,assistant,22.0,1623,6.0
2,everything_in_user_tags,472, the,290,6.0,assistant,23.0,1624,6.0
2,everything_in_user_tags,473, input,3422,6.0,assistant,24.0,1625,6.0
2,everything_in_user_tags,474,",",11,6.0,assistant,25.0,1626,6.0
2,everything_in_user_tags,475, measurement,27666,6.0,assistant,26.0,1627,6.0
2,everything_in_user_tags,476,",",11,6.0,assistant,27.0,1628,6.0
2,everything_in_user_tags,477, and,326,6.0,assistant,28.0,1629,6.0
2,everything_in_user_tags,478, competing,45386,6.0,assistant,29.0,1630,6.0
2,everything_in_user_tags,479, explanations,69457,6.0,assistant,30.0,1631,6.0
2,everything_in_user_tags,480, easy,4224,6.0,assistant,31.0,1632,6.0
2,everything_in_user_tags,481, to,316,6.0,assistant,32.0,1633,6.0
2,everything_in_user_tags,482, inspect,36665,6.0,assistant,33.0,1634,6.0
2,everything_in_user_tags,483,.,13,6.0,assistant,34.0,1635,6.0
2,everything_in_user_tags,484, The,623,6.0,assistant,35.0,1636,6.0
2,everything_in_user_tags,485, example,4994,6.0,assistant,36.0,1637,6.0
2,everything_in_user_tags,486, tests,10742,6.0,assistant,37.0,1638,6.0
2,everything_in_user_tags,487, whether,5588,6.0,assistant,38.0,1639,6.0
2,everything_in_user_tags,488, our,1039,6.0,assistant,39.0,1640,6.0
2,everything_in_user_tags,489, pipeline,29412,6.0,assistant,40.0,1641,6.0
2,everything_in_user_tags,490, can,665,6.0,assistant,41.0,1642,6.0
2,everything_in_user_tags,491, detect,11839,6.0,assistant,42.0,1643,6.0
2,everything_in_user_tags,492, a,261,6.0,assistant,43.0,1644,6.0
2,everything_in_user_tags,493, role,5430,6.0,assistant,44.0,1645,6.0
2,everything_in_user_tags,494,-dependent,75298,6.0,assistant,45.0,1646,6.0
2,everything_in_user_tags,495, difference,9809,6.0,assistant,46.0,1647,6.0
2,everything_in_user_tags,496, under,1641,6.0,assistant,47.0,1648,6.0
2,everything_in_user_tags,497, a,261,6.0,assistant,48.0,1649,6.0
2,everything_in_user_tags,498, precise,31687,6.0,assistant,49.0,1650,6.0
2,everything_in_user_tags,499, change,3343,6.0,assistant,50.0,1651,6.0
2,everything_in_user_tags,500, to,316,6.0,assistant,51.0,1652,6.0
2,everything_in_user_tags,501, the,290,6.0,assistant,52.0,1653,6.0
2,everything_in_user_tags,502, prompt,15226,6.0,assistant,53.0,1654,6.0
2,everything_in_user_tags,503,.,13,6.0,assistant,54.0,1655,6.0
2,everything_in_user_tags,504, It,1225,6.0,assistant,55.0,1656,6.0
2,everything_in_user_tags,505, does,2226,6.0,assistant,56.0,1657,6.0
2,everything_in_user_tags,506, not,625,6.0,assistant,57.0,1658,6.0
2,everything_in_user_tags,507, estimate,24572,6.0,assistant,58.0,1659,6.0
2,everything_in_user_tags,508, how,1495,6.0,assistant,59.0,1660,6.0
2,everything_in_user_tags,509, often,4783,6.0,assistant,60.0,1661,6.0
2,everything_in_user_tags,510, that,484,6.0,assistant,61.0,1662,6.0
2,everything_in_user_tags,511, difference,9809,6.0,assistant,62.0,1663,6.0
2,everything_in_user_tags,512, occurs,21241,6.0,assistant,63.0,1664,6.0
2,everything_in_user_tags,513, across,5251,6.0,assistant,64.0,1665,6.0
2,everything_in_user_tags,514, conversations,31594,6.0,assistant,65.0,1666,6.0
2,everything_in_user_tags,515,.,13,6.0,assistant,66.0,1667,6.0
2,everything_in_user_tags,516, Follow,17547,6.0,assistant,67.0,1668,6.0
2,everything_in_user_tags,517, the,290,6.0,assistant,68.0,1669,6.0
2,everything_in_user_tags,518, figure,11310,6.0,assistant,69.0,1670,6.0
2,everything_in_user_tags,519, with,483,6.0,assistant,70.0,1671,6.0
2,everything_in_user_tags,520, the,290,6.0,assistant,71.0,1672,6.0
2,everything_in_user_tags,521, control,3580,6.0,assistant,72.0,1673,6.0
2,everything_in_user_tags,522, you,481,6.0,assistant,73.0,1674,6.0
2,everything_in_user_tags,523, ran,14790,6.0,assistant,74.0,1675,6.0
2,everything_in_user_tags,524, and,326,6.0,assistant,75.0,1676,6.0
2,everything_in_user_tags,525, the,290,6.0,assistant,76.0,1677,6.0
2,everything_in_user_tags,526, uncertainty,44942,6.0,assistant,77.0,1678,6.0
2,everything_in_user_tags,527, it,480,6.0,assistant,78.0,1679,6.0
2,everything_in_user_tags,528, leaves,15657,6.0,assistant,79.0,1680,6.0
2,everything_in_user_tags,529,.,13,6.0,assistant,80.0,1681,6.0
2,everything_in_user_tags,530, Then,7801,6.0,assistant,81.0,1682,6.0
2,everything_in_user_tags,531, describe,12886,6.0,assistant,82.0,1683,6.0
2,everything_in_user_tags,532, the,290,6.0,assistant,83.0,1684,6.0
2,everything_in_user_tags,533, broader,50568,6.0,assistant,84.0,1685,6.0
2,everything_in_user_tags,534, evaluation,21407,6.0,assistant,85.0,1686,6.0
2,everything_in_user_tags,535, as,472,6.0,assistant,86.0,1687,6.0
2,everything_in_user_tags,536, the,290,6.0,assistant,87.0,1688,6.0
2,everything_in_user_tags,537, test,1746,6.0,assistant,88.0,1689,6.0
2,everything_in_user_tags,538, of,328,6.0,assistant,89.0,1690,6.0
2,everything_in_user_tags,539, general,5985,6.0,assistant,90.0,1691,6.0
2,everything_in_user_tags,540,ity,536,6.0,assistant,91.0,1692,6.0
2,everything_in_user_tags,541,.,13,6.0,assistant,92.0,1693,6.0
2,everything_in_user_tags,542, This,1328,6.0,assistant,93.0,1694,6.0
2,everything_in_user_tags,543, gives,8967,6.0,assistant,94.0,1695,6.0
2,everything_in_user_tags,544, the,290,6.0,assistant,95.0,1696,6.0
2,everything_in_user_tags,545, reader,10958,6.0,assistant,96.0,1697,6.0
2,everything_in_user_tags,546, a,261,6.0,assistant,97.0,1698,6.0
2,everything_in_user_tags,547, reason,5207,6.0,assistant,98.0,1699,6.0
2,everything_in_user_tags,548, to,316,6.0,assistant,99.0,1700,6.0
2,everything_in_user_tags,549, care,2631,6.0,assistant,100.0,1701,6.0
2,everything_in_user_tags,550, about,1078,6.0,assistant,101.0,1702,6.0
2,everything_in_user_tags,551, the,290,6.0,assistant,102.0,1703,6.0
2,everything_in_user_tags,552, small,3291,6.0,assistant,103.0,1704,6.0
2,everything_in_user_tags,553, example,4994,6.0,assistant,104.0,1705,6.0
2,everything_in_user_tags,554, without,2935,6.0,assistant,105.0,1706,6.0
2,everything_in_user_tags,555, treating,39212,6.0,assistant,106.0,1707,6.0
2,everything_in_user_tags,556, it,480,6.0,assistant,107.0,1708,6.0
2,everything_in_user_tags,557, as,472,6.0,assistant,108.0,1709,6.0
2,everything_in_user_tags,558, population,11540,6.0,assistant,109.0,1710,6.0
2,everything_in_user_tags,559, evidence,11716,6.0,assistant,110.0,1711,6.0
2,everything_in_user_tags,560,.,13,6.0,assistant,111.0,1712,6.0
2,everything_in_user_tags,561,<|end|>,200007,,,,1713,
