activation_site,layer,metric,held_out,value
pre_mlp,8,leave_one_persona_out_cosine,anarchist,0.9734124367008709
pre_mlp,8,leave_one_persona_out_cosine,bartender,0.9915096830207926
pre_mlp,8,leave_one_persona_out_cosine,comedian,0.9770899474985371
pre_mlp,8,leave_one_persona_out_cosine,consultant,0.9973748912880899
pre_mlp,8,leave_one_persona_out_cosine,devils_advocate,0.9894051466807854
pre_mlp,8,leave_one_persona_out_cosine,engineer,0.9961571377882243
pre_mlp,8,leave_one_persona_out_cosine,genie,0.9934144763869761
pre_mlp,8,leave_one_persona_out_cosine,librarian,0.995365002626712
pre_mlp,8,leave_one_persona_out_cosine,mediator,0.9898611854320898
pre_mlp,8,leave_one_persona_out_cosine,mystic,0.9895193487614308
pre_mlp,8,leave_one_persona_out_cosine,pirate,0.9913300435042257
pre_mlp,8,leave_one_persona_out_cosine,tutor,0.9986505431296014
pre_mlp,8,pairwise_question_cosine,q0_vs_q2,0.25910757731302136
pre_mlp,8,pairwise_question_cosine,q0_vs_q5,0.3393635742893737
pre_mlp,8,pairwise_question_cosine,q0_vs_q51,0.250038371570689
pre_mlp,8,pairwise_question_cosine,q0_vs_q119,0.24084025645679882
pre_mlp,8,pairwise_question_cosine,q0_vs_q190,0.2171271869978254
pre_mlp,8,pairwise_question_cosine,q2_vs_q5,0.2755567680496335
pre_mlp,8,pairwise_question_cosine,q2_vs_q51,0.26407600322963365
pre_mlp,8,pairwise_question_cosine,q2_vs_q119,0.2528385129567562
pre_mlp,8,pairwise_question_cosine,q2_vs_q190,0.27827229622850386
pre_mlp,8,pairwise_question_cosine,q5_vs_q51,0.352830100645415
pre_mlp,8,pairwise_question_cosine,q5_vs_q119,0.2495061554422657
pre_mlp,8,pairwise_question_cosine,q5_vs_q190,0.238437191410752
pre_mlp,8,pairwise_question_cosine,q51_vs_q119,0.18841742672404513
pre_mlp,8,pairwise_question_cosine,q51_vs_q190,0.22907403015692987
pre_mlp,8,pairwise_question_cosine,q119_vs_q190,0.29742970733552765
pre_mlp,8,leave_one_question_out_cosine,q0,0.955186018055418
pre_mlp,8,leave_one_question_out_cosine,q2,0.9788788133995108
pre_mlp,8,leave_one_question_out_cosine,q5,0.969746890705451
pre_mlp,8,leave_one_question_out_cosine,q51,0.9576274715577289
pre_mlp,8,leave_one_question_out_cosine,q119,0.9707526716169547
pre_mlp,8,leave_one_question_out_cosine,q190,0.9821585867463714
pre_mlp,8,split_half_question_cosine,q0|q5|q119_vs_q2|q51|q190,0.5015046492868784
pre_mlp,9,leave_one_persona_out_cosine,anarchist,0.9657961876976363
pre_mlp,9,leave_one_persona_out_cosine,bartender,0.9885165893474932
pre_mlp,9,leave_one_persona_out_cosine,comedian,0.9791152161233135
pre_mlp,9,leave_one_persona_out_cosine,consultant,0.9970234001445841
pre_mlp,9,leave_one_persona_out_cosine,devils_advocate,0.9896565824719807
pre_mlp,9,leave_one_persona_out_cosine,engineer,0.995852688025306
pre_mlp,9,leave_one_persona_out_cosine,genie,0.9932605233544417
pre_mlp,9,leave_one_persona_out_cosine,librarian,0.9939191101602459
pre_mlp,9,leave_one_persona_out_cosine,mediator,0.9878771054131434
pre_mlp,9,leave_one_persona_out_cosine,mystic,0.9880068142050167
pre_mlp,9,leave_one_persona_out_cosine,pirate,0.9909841191897795
pre_mlp,9,leave_one_persona_out_cosine,tutor,0.9986724513451375
pre_mlp,9,pairwise_question_cosine,q0_vs_q2,0.24686436763830064
pre_mlp,9,pairwise_question_cosine,q0_vs_q5,0.3042191397603484
pre_mlp,9,pairwise_question_cosine,q0_vs_q51,0.2291290885610133
pre_mlp,9,pairwise_question_cosine,q0_vs_q119,0.2231924734231548
pre_mlp,9,pairwise_question_cosine,q0_vs_q190,0.21623756695773688
pre_mlp,9,pairwise_question_cosine,q2_vs_q5,0.2265293791581849
pre_mlp,9,pairwise_question_cosine,q2_vs_q51,0.22076922425515727
pre_mlp,9,pairwise_question_cosine,q2_vs_q119,0.24953721598020537
pre_mlp,9,pairwise_question_cosine,q2_vs_q190,0.2780672251360479
pre_mlp,9,pairwise_question_cosine,q5_vs_q51,0.33187321329872577
pre_mlp,9,pairwise_question_cosine,q5_vs_q119,0.23468270341653857
pre_mlp,9,pairwise_question_cosine,q5_vs_q190,0.23562138141423633
pre_mlp,9,pairwise_question_cosine,q51_vs_q119,0.1998315892671791
pre_mlp,9,pairwise_question_cosine,q51_vs_q190,0.23661588471251077
pre_mlp,9,pairwise_question_cosine,q119_vs_q190,0.3081336651691632
pre_mlp,9,leave_one_question_out_cosine,q0,0.9568508953049089
pre_mlp,9,leave_one_question_out_cosine,q2,0.9785532187706156
pre_mlp,9,leave_one_question_out_cosine,q5,0.9645616251075929
pre_mlp,9,leave_one_question_out_cosine,q51,0.9561729213064866
pre_mlp,9,leave_one_question_out_cosine,q119,0.9675808572216393
pre_mlp,9,leave_one_question_out_cosine,q190,0.9818108348087546
pre_mlp,9,split_half_question_cosine,q0|q5|q119_vs_q2|q51|q190,0.4946772078718268
pre_mlp,10,leave_one_persona_out_cosine,anarchist,0.962107315950955
pre_mlp,10,leave_one_persona_out_cosine,bartender,0.9875494510480565
pre_mlp,10,leave_one_persona_out_cosine,comedian,0.9778642779587392
pre_mlp,10,leave_one_persona_out_cosine,consultant,0.9966150392216895
pre_mlp,10,leave_one_persona_out_cosine,devils_advocate,0.9886287600088272
pre_mlp,10,leave_one_persona_out_cosine,engineer,0.9954521516928454
pre_mlp,10,leave_one_persona_out_cosine,genie,0.9932016107991257
pre_mlp,10,leave_one_persona_out_cosine,librarian,0.9932234910590447
pre_mlp,10,leave_one_persona_out_cosine,mediator,0.9861952107786536
pre_mlp,10,leave_one_persona_out_cosine,mystic,0.9859593526007486
pre_mlp,10,leave_one_persona_out_cosine,pirate,0.9912322415938684
pre_mlp,10,leave_one_persona_out_cosine,tutor,0.9985226420712536
pre_mlp,10,pairwise_question_cosine,q0_vs_q2,0.19721212103030564
pre_mlp,10,pairwise_question_cosine,q0_vs_q5,0.2522132531603615
pre_mlp,10,pairwise_question_cosine,q0_vs_q51,0.19311835534919664
pre_mlp,10,pairwise_question_cosine,q0_vs_q119,0.20915662804898408
pre_mlp,10,pairwise_question_cosine,q0_vs_q190,0.19289578839747137
pre_mlp,10,pairwise_question_cosine,q2_vs_q5,0.16926073354260113
pre_mlp,10,pairwise_question_cosine,q2_vs_q51,0.16313892310583236
pre_mlp,10,pairwise_question_cosine,q2_vs_q119,0.23168815394173614
pre_mlp,10,pairwise_question_cosine,q2_vs_q190,0.2180991763658222
pre_mlp,10,pairwise_question_cosine,q5_vs_q51,0.25100190831061636
pre_mlp,10,pairwise_question_cosine,q5_vs_q119,0.18673442534500725
pre_mlp,10,pairwise_question_cosine,q5_vs_q190,0.17472916856230186
pre_mlp,10,pairwise_question_cosine,q51_vs_q119,0.14369295847236757
pre_mlp,10,pairwise_question_cosine,q51_vs_q190,0.16268105958583104
pre_mlp,10,pairwise_question_cosine,q119_vs_q190,0.2730689394786541
pre_mlp,10,leave_one_question_out_cosine,q0,0.9534193109195723
pre_mlp,10,leave_one_question_out_cosine,q2,0.9739307216450532
pre_mlp,10,leave_one_question_out_cosine,q5,0.9566716023556223
pre_mlp,10,leave_one_question_out_cosine,q51,0.9438263500167831
pre_mlp,10,leave_one_question_out_cosine,q119,0.9627514484410312
pre_mlp,10,leave_one_question_out_cosine,q190,0.97932554431064
pre_mlp,10,split_half_question_cosine,q0|q5|q119_vs_q2|q51|q190,0.427678039339148
pre_mlp,11,leave_one_persona_out_cosine,anarchist,0.961771797279476
pre_mlp,11,leave_one_persona_out_cosine,bartender,0.9869501891400339
pre_mlp,11,leave_one_persona_out_cosine,comedian,0.9795369092282099
pre_mlp,11,leave_one_persona_out_cosine,consultant,0.9968320353574842
pre_mlp,11,leave_one_persona_out_cosine,devils_advocate,0.9892930510809442
pre_mlp,11,leave_one_persona_out_cosine,engineer,0.995620540370447
pre_mlp,11,leave_one_persona_out_cosine,genie,0.9941437473995134
pre_mlp,11,leave_one_persona_out_cosine,librarian,0.9936342748740113
pre_mlp,11,leave_one_persona_out_cosine,mediator,0.9859814353878239
pre_mlp,11,leave_one_persona_out_cosine,mystic,0.9864767522929907
pre_mlp,11,leave_one_persona_out_cosine,pirate,0.9913197243883713
pre_mlp,11,leave_one_persona_out_cosine,tutor,0.9986851759689889
pre_mlp,11,pairwise_question_cosine,q0_vs_q2,0.22080122311470238
pre_mlp,11,pairwise_question_cosine,q0_vs_q5,0.25567131453400604
pre_mlp,11,pairwise_question_cosine,q0_vs_q51,0.21257032097652914
pre_mlp,11,pairwise_question_cosine,q0_vs_q119,0.22649471860322357
pre_mlp,11,pairwise_question_cosine,q0_vs_q190,0.23086313692515428
pre_mlp,11,pairwise_question_cosine,q2_vs_q5,0.16998786828816817
pre_mlp,11,pairwise_question_cosine,q2_vs_q51,0.15618983853902543
pre_mlp,11,pairwise_question_cosine,q2_vs_q119,0.21882533325347706
pre_mlp,11,pairwise_question_cosine,q2_vs_q190,0.20345386665631165
pre_mlp,11,pairwise_question_cosine,q5_vs_q51,0.24499439126595376
pre_mlp,11,pairwise_question_cosine,q5_vs_q119,0.17916296396555
pre_mlp,11,pairwise_question_cosine,q5_vs_q190,0.16631381913548052
pre_mlp,11,pairwise_question_cosine,q51_vs_q119,0.15032445747283876
pre_mlp,11,pairwise_question_cosine,q51_vs_q190,0.15600332076972082
pre_mlp,11,pairwise_question_cosine,q119_vs_q190,0.27249914171987694
pre_mlp,11,leave_one_question_out_cosine,q0,0.9572262134589953
pre_mlp,11,leave_one_question_out_cosine,q2,0.9749313820645968
pre_mlp,11,leave_one_question_out_cosine,q5,0.9585083957321903
pre_mlp,11,leave_one_question_out_cosine,q51,0.9397696609649481
pre_mlp,11,leave_one_question_out_cosine,q119,0.9622882381088015
pre_mlp,11,leave_one_question_out_cosine,q190,0.9794765708174255
pre_mlp,11,split_half_question_cosine,q0|q5|q119_vs_q2|q51|q190,0.4427535956027601
pre_mlp,12,leave_one_persona_out_cosine,anarchist,0.9615440202192308
pre_mlp,12,leave_one_persona_out_cosine,bartender,0.9871964275555584
pre_mlp,12,leave_one_persona_out_cosine,comedian,0.9772846073714095
pre_mlp,12,leave_one_persona_out_cosine,consultant,0.9967641719211193
pre_mlp,12,leave_one_persona_out_cosine,devils_advocate,0.9886712270282891
pre_mlp,12,leave_one_persona_out_cosine,engineer,0.9956459011100998
pre_mlp,12,leave_one_persona_out_cosine,genie,0.9940413087383371
pre_mlp,12,leave_one_persona_out_cosine,librarian,0.9936482071304069
pre_mlp,12,leave_one_persona_out_cosine,mediator,0.9861342852845534
pre_mlp,12,leave_one_persona_out_cosine,mystic,0.9867421160858011
pre_mlp,12,leave_one_persona_out_cosine,pirate,0.9918894561108872
pre_mlp,12,leave_one_persona_out_cosine,tutor,0.9986440236419509
pre_mlp,12,pairwise_question_cosine,q0_vs_q2,0.20422646324088628
pre_mlp,12,pairwise_question_cosine,q0_vs_q5,0.2686328413524535
pre_mlp,12,pairwise_question_cosine,q0_vs_q51,0.20840672048813882
pre_mlp,12,pairwise_question_cosine,q0_vs_q119,0.23191373318861175
pre_mlp,12,pairwise_question_cosine,q0_vs_q190,0.21361980008116332
pre_mlp,12,pairwise_question_cosine,q2_vs_q5,0.16876664150464035
pre_mlp,12,pairwise_question_cosine,q2_vs_q51,0.16338649343081857
pre_mlp,12,pairwise_question_cosine,q2_vs_q119,0.22233741987082878
pre_mlp,12,pairwise_question_cosine,q2_vs_q190,0.19834105385767684
pre_mlp,12,pairwise_question_cosine,q5_vs_q51,0.23721727076444488
pre_mlp,12,pairwise_question_cosine,q5_vs_q119,0.1713648444527221
pre_mlp,12,pairwise_question_cosine,q5_vs_q190,0.14946524956572305
pre_mlp,12,pairwise_question_cosine,q51_vs_q119,0.15861036776636825
pre_mlp,12,pairwise_question_cosine,q51_vs_q190,0.14303324103270265
pre_mlp,12,pairwise_question_cosine,q119_vs_q190,0.2700678808818437
pre_mlp,12,leave_one_question_out_cosine,q0,0.954811744556521
pre_mlp,12,leave_one_question_out_cosine,q2,0.9752897358582713
pre_mlp,12,leave_one_question_out_cosine,q5,0.9570010371085237
pre_mlp,12,leave_one_question_out_cosine,q51,0.94281967825193
pre_mlp,12,leave_one_question_out_cosine,q119,0.9626546424426746
pre_mlp,12,leave_one_question_out_cosine,q190,0.978257086564781
pre_mlp,12,split_half_question_cosine,q0|q5|q119_vs_q2|q51|q190,0.4320553886292835
pre_mlp,13,leave_one_persona_out_cosine,anarchist,0.9666263657203256
pre_mlp,13,leave_one_persona_out_cosine,bartender,0.9888917198949095
pre_mlp,13,leave_one_persona_out_cosine,comedian,0.9770109327004207
pre_mlp,13,leave_one_persona_out_cosine,consultant,0.9971287310630361
pre_mlp,13,leave_one_persona_out_cosine,devils_advocate,0.9892442080474962
pre_mlp,13,leave_one_persona_out_cosine,engineer,0.9961376016040614
pre_mlp,13,leave_one_persona_out_cosine,genie,0.9939453792288832
pre_mlp,13,leave_one_persona_out_cosine,librarian,0.994630514344061
pre_mlp,13,leave_one_persona_out_cosine,mediator,0.9871363282914346
pre_mlp,13,leave_one_persona_out_cosine,mystic,0.9876312470366301
pre_mlp,13,leave_one_persona_out_cosine,pirate,0.9912437387496854
pre_mlp,13,leave_one_persona_out_cosine,tutor,0.9986518994227174
pre_mlp,13,pairwise_question_cosine,q0_vs_q2,0.2743722380699491
pre_mlp,13,pairwise_question_cosine,q0_vs_q5,0.30271394170274085
pre_mlp,13,pairwise_question_cosine,q0_vs_q51,0.2356707724039002
pre_mlp,13,pairwise_question_cosine,q0_vs_q119,0.25773823458952627
pre_mlp,13,pairwise_question_cosine,q0_vs_q190,0.2581727712745354
pre_mlp,13,pairwise_question_cosine,q2_vs_q5,0.21975903596421356
pre_mlp,13,pairwise_question_cosine,q2_vs_q51,0.21186507223173306
pre_mlp,13,pairwise_question_cosine,q2_vs_q119,0.25098834041675466
pre_mlp,13,pairwise_question_cosine,q2_vs_q190,0.26095399471256786
pre_mlp,13,pairwise_question_cosine,q5_vs_q51,0.27818401788483466
pre_mlp,13,pairwise_question_cosine,q5_vs_q119,0.2086003136953024
pre_mlp,13,pairwise_question_cosine,q5_vs_q190,0.20309424866694017
pre_mlp,13,pairwise_question_cosine,q51_vs_q119,0.19840018689222283
pre_mlp,13,pairwise_question_cosine,q51_vs_q190,0.19640064916753738
pre_mlp,13,pairwise_question_cosine,q119_vs_q190,0.3110519366978779
pre_mlp,13,leave_one_question_out_cosine,q0,0.9607574866348548
pre_mlp,13,leave_one_question_out_cosine,q2,0.9783563420583443
pre_mlp,13,leave_one_question_out_cosine,q5,0.9645405412373632
pre_mlp,13,leave_one_question_out_cosine,q51,0.9495987498278665
pre_mlp,13,leave_one_question_out_cosine,q119,0.9679596196643756
pre_mlp,13,leave_one_question_out_cosine,q190,0.9805259600278672
pre_mlp,13,split_half_question_cosine,q0|q5|q119_vs_q2|q51|q190,0.49414581746304453
pre_mlp,14,leave_one_persona_out_cosine,anarchist,0.9716451650485916
pre_mlp,14,leave_one_persona_out_cosine,bartender,0.9906906309991549
pre_mlp,14,leave_one_persona_out_cosine,comedian,0.976954495213091
pre_mlp,14,leave_one_persona_out_cosine,consultant,0.997482025593906
pre_mlp,14,leave_one_persona_out_cosine,devils_advocate,0.9897620627260137
pre_mlp,14,leave_one_persona_out_cosine,engineer,0.9963248174696968
pre_mlp,14,leave_one_persona_out_cosine,genie,0.9944595849779162
pre_mlp,14,leave_one_persona_out_cosine,librarian,0.9952746935207677
pre_mlp,14,leave_one_persona_out_cosine,mediator,0.9888805038861701
pre_mlp,14,leave_one_persona_out_cosine,mystic,0.98867063134844
pre_mlp,14,leave_one_persona_out_cosine,pirate,0.9921823624402419
pre_mlp,14,leave_one_persona_out_cosine,tutor,0.9987375542585979
pre_mlp,14,pairwise_question_cosine,q0_vs_q2,0.3026863552103056
pre_mlp,14,pairwise_question_cosine,q0_vs_q5,0.35101092836608155
pre_mlp,14,pairwise_question_cosine,q0_vs_q51,0.2613661915391827
pre_mlp,14,pairwise_question_cosine,q0_vs_q119,0.3031678243877551
pre_mlp,14,pairwise_question_cosine,q0_vs_q190,0.2760574874249994
pre_mlp,14,pairwise_question_cosine,q2_vs_q5,0.2488997360105402
pre_mlp,14,pairwise_question_cosine,q2_vs_q51,0.22850514719761303
pre_mlp,14,pairwise_question_cosine,q2_vs_q119,0.26965106968798563
pre_mlp,14,pairwise_question_cosine,q2_vs_q190,0.27784530366241483
pre_mlp,14,pairwise_question_cosine,q5_vs_q51,0.28362727767453255
pre_mlp,14,pairwise_question_cosine,q5_vs_q119,0.23149599049749453
pre_mlp,14,pairwise_question_cosine,q5_vs_q190,0.21930586178280723
pre_mlp,14,pairwise_question_cosine,q51_vs_q119,0.21524168548149017
pre_mlp,14,pairwise_question_cosine,q51_vs_q190,0.2077855141120227
pre_mlp,14,pairwise_question_cosine,q119_vs_q190,0.320966103592435
pre_mlp,14,leave_one_question_out_cosine,q0,0.9637484475664708
pre_mlp,14,leave_one_question_out_cosine,q2,0.980394738761659
pre_mlp,14,leave_one_question_out_cosine,q5,0.9681938057997682
pre_mlp,14,leave_one_question_out_cosine,q51,0.9519932706641898
pre_mlp,14,leave_one_question_out_cosine,q119,0.9696380762316293
pre_mlp,14,leave_one_question_out_cosine,q190,0.9821385238920027
pre_mlp,14,split_half_question_cosine,q0|q5|q119_vs_q2|q51|q190,0.512501632111636
pre_mlp,15,leave_one_persona_out_cosine,anarchist,0.9759906737083813
pre_mlp,15,leave_one_persona_out_cosine,bartender,0.9923467900166193
pre_mlp,15,leave_one_persona_out_cosine,comedian,0.9780032783088185
pre_mlp,15,leave_one_persona_out_cosine,consultant,0.9978895774197674
pre_mlp,15,leave_one_persona_out_cosine,devils_advocate,0.9903490841594421
pre_mlp,15,leave_one_persona_out_cosine,engineer,0.9967707655985882
pre_mlp,15,leave_one_persona_out_cosine,genie,0.994965836317241
pre_mlp,15,leave_one_persona_out_cosine,librarian,0.9960262265156257
pre_mlp,15,leave_one_persona_out_cosine,mediator,0.9909744528462318
pre_mlp,15,leave_one_persona_out_cosine,mystic,0.9903130376680517
pre_mlp,15,leave_one_persona_out_cosine,pirate,0.9926264234065343
pre_mlp,15,leave_one_persona_out_cosine,tutor,0.9988185759226358
pre_mlp,15,pairwise_question_cosine,q0_vs_q2,0.3626327054636211
pre_mlp,15,pairwise_question_cosine,q0_vs_q5,0.39658097909926215
pre_mlp,15,pairwise_question_cosine,q0_vs_q51,0.30526469816906454
pre_mlp,15,pairwise_question_cosine,q0_vs_q119,0.3370291567240683
pre_mlp,15,pairwise_question_cosine,q0_vs_q190,0.3168468957792031
pre_mlp,15,pairwise_question_cosine,q2_vs_q5,0.3060798098850331
pre_mlp,15,pairwise_question_cosine,q2_vs_q51,0.26970533063043894
pre_mlp,15,pairwise_question_cosine,q2_vs_q119,0.3231001499308874
pre_mlp,15,pairwise_question_cosine,q2_vs_q190,0.33884746189453385
pre_mlp,15,pairwise_question_cosine,q5_vs_q51,0.3279326403781816
pre_mlp,15,pairwise_question_cosine,q5_vs_q119,0.2910764273261465
pre_mlp,15,pairwise_question_cosine,q5_vs_q190,0.2848749221272517
pre_mlp,15,pairwise_question_cosine,q51_vs_q119,0.24224096869445985
pre_mlp,15,pairwise_question_cosine,q51_vs_q190,0.24889196357962892
pre_mlp,15,pairwise_question_cosine,q119_vs_q190,0.34906109120445017
pre_mlp,15,leave_one_question_out_cosine,q0,0.9673489558073821
pre_mlp,15,leave_one_question_out_cosine,q2,0.9828893093994022
pre_mlp,15,leave_one_question_out_cosine,q5,0.9737017447650111
pre_mlp,15,leave_one_question_out_cosine,q51,0.958414173688745
pre_mlp,15,leave_one_question_out_cosine,q119,0.9742659769467568
pre_mlp,15,leave_one_question_out_cosine,q190,0.9851241327865286
pre_mlp,15,split_half_question_cosine,q0|q5|q119_vs_q2|q51|q190,0.5676984630699022
pre_mlp,16,leave_one_persona_out_cosine,anarchist,0.976209269472003
pre_mlp,16,leave_one_persona_out_cosine,bartender,0.9919251059118549
pre_mlp,16,leave_one_persona_out_cosine,comedian,0.9758949706759462
pre_mlp,16,leave_one_persona_out_cosine,consultant,0.997796195556461
pre_mlp,16,leave_one_persona_out_cosine,devils_advocate,0.9903828302275862
pre_mlp,16,leave_one_persona_out_cosine,engineer,0.9965686846048579
pre_mlp,16,leave_one_persona_out_cosine,genie,0.9949581070202269
pre_mlp,16,leave_one_persona_out_cosine,librarian,0.99584157179973
pre_mlp,16,leave_one_persona_out_cosine,mediator,0.9905703784493153
pre_mlp,16,leave_one_persona_out_cosine,mystic,0.9898275202546826
pre_mlp,16,leave_one_persona_out_cosine,pirate,0.9923479348744308
pre_mlp,16,leave_one_persona_out_cosine,tutor,0.998718334933732
pre_mlp,16,pairwise_question_cosine,q0_vs_q2,0.35767021025561446
pre_mlp,16,pairwise_question_cosine,q0_vs_q5,0.36523560162270446
pre_mlp,16,pairwise_question_cosine,q0_vs_q51,0.2956651259091895
pre_mlp,16,pairwise_question_cosine,q0_vs_q119,0.3295307822507359
pre_mlp,16,pairwise_question_cosine,q0_vs_q190,0.3286198703318596
pre_mlp,16,pairwise_question_cosine,q2_vs_q5,0.28695646194614133
pre_mlp,16,pairwise_question_cosine,q2_vs_q51,0.26042608810896745
pre_mlp,16,pairwise_question_cosine,q2_vs_q119,0.31751202667789463
pre_mlp,16,pairwise_question_cosine,q2_vs_q190,0.32629420866622283
pre_mlp,16,pairwise_question_cosine,q5_vs_q51,0.30717964999915526
pre_mlp,16,pairwise_question_cosine,q5_vs_q119,0.2677331391720884
pre_mlp,16,pairwise_question_cosine,q5_vs_q190,0.2613377457450547
pre_mlp,16,pairwise_question_cosine,q51_vs_q119,0.23248899370959075
pre_mlp,16,pairwise_question_cosine,q51_vs_q190,0.2298119178690841
pre_mlp,16,pairwise_question_cosine,q119_vs_q190,0.3294684727170605
pre_mlp,16,leave_one_question_out_cosine,q0,0.9663824238922275
pre_mlp,16,leave_one_question_out_cosine,q2,0.9826260021815001
pre_mlp,16,leave_one_question_out_cosine,q5,0.9714315933360527
pre_mlp,16,leave_one_question_out_cosine,q51,0.9586542125752143
pre_mlp,16,leave_one_question_out_cosine,q119,0.9719097099854519
pre_mlp,16,leave_one_question_out_cosine,q190,0.9839941314039875
pre_mlp,16,split_half_question_cosine,q0|q5|q119_vs_q2|q51|q190,0.5598059989464452
pre_mlp,17,leave_one_persona_out_cosine,anarchist,0.9783230788836373
pre_mlp,17,leave_one_persona_out_cosine,bartender,0.9930392841790858
pre_mlp,17,leave_one_persona_out_cosine,comedian,0.978429637193469
pre_mlp,17,leave_one_persona_out_cosine,consultant,0.9979570975356413
pre_mlp,17,leave_one_persona_out_cosine,devils_advocate,0.9914582742787793
pre_mlp,17,leave_one_persona_out_cosine,engineer,0.9969171575431107
pre_mlp,17,leave_one_persona_out_cosine,genie,0.9947018492044893
pre_mlp,17,leave_one_persona_out_cosine,librarian,0.9961601392905635
pre_mlp,17,leave_one_persona_out_cosine,mediator,0.990599060111063
pre_mlp,17,leave_one_persona_out_cosine,mystic,0.9891081201873061
pre_mlp,17,leave_one_persona_out_cosine,pirate,0.9894264045441933
pre_mlp,17,leave_one_persona_out_cosine,tutor,0.9988777952941491
pre_mlp,17,pairwise_question_cosine,q0_vs_q2,0.41973456926054475
pre_mlp,17,pairwise_question_cosine,q0_vs_q5,0.40836307806932864
pre_mlp,17,pairwise_question_cosine,q0_vs_q51,0.3305252676685601
pre_mlp,17,pairwise_question_cosine,q0_vs_q119,0.37727550673133275
pre_mlp,17,pairwise_question_cosine,q0_vs_q190,0.4038811346388936
pre_mlp,17,pairwise_question_cosine,q2_vs_q5,0.37691782042450095
pre_mlp,17,pairwise_question_cosine,q2_vs_q51,0.30785528159389985
pre_mlp,17,pairwise_question_cosine,q2_vs_q119,0.3908645066822685
pre_mlp,17,pairwise_question_cosine,q2_vs_q190,0.4108570973413994
pre_mlp,17,pairwise_question_cosine,q5_vs_q51,0.37165842262951637
pre_mlp,17,pairwise_question_cosine,q5_vs_q119,0.3318624552803745
pre_mlp,17,pairwise_question_cosine,q5_vs_q190,0.3427449107295836
pre_mlp,17,pairwise_question_cosine,q51_vs_q119,0.29043980249632556
pre_mlp,17,pairwise_question_cosine,q51_vs_q190,0.3062545508123699
pre_mlp,17,pairwise_question_cosine,q119_vs_q190,0.3810151830787114
pre_mlp,17,leave_one_question_out_cosine,q0,0.971296477531193
pre_mlp,17,leave_one_question_out_cosine,q2,0.9866474889604925
pre_mlp,17,leave_one_question_out_cosine,q5,0.9775767313359404
pre_mlp,17,leave_one_question_out_cosine,q51,0.9634373228202976
pre_mlp,17,leave_one_question_out_cosine,q119,0.9778902541277618
pre_mlp,17,leave_one_question_out_cosine,q190,0.9867182246671142
pre_mlp,17,split_half_question_cosine,q0|q5|q119_vs_q2|q51|q190,0.6306143828816264
pre_mlp,18,leave_one_persona_out_cosine,anarchist,0.9807878368664783
pre_mlp,18,leave_one_persona_out_cosine,bartender,0.9937198900570494
pre_mlp,18,leave_one_persona_out_cosine,comedian,0.9787795998736247
pre_mlp,18,leave_one_persona_out_cosine,consultant,0.9981666294487527
pre_mlp,18,leave_one_persona_out_cosine,devils_advocate,0.9923296793260491
pre_mlp,18,leave_one_persona_out_cosine,engineer,0.9970416724350663
pre_mlp,18,leave_one_persona_out_cosine,genie,0.9949138459727854
pre_mlp,18,leave_one_persona_out_cosine,librarian,0.9965023714177641
pre_mlp,18,leave_one_persona_out_cosine,mediator,0.9916791817197436
pre_mlp,18,leave_one_persona_out_cosine,mystic,0.9889849097512613
pre_mlp,18,leave_one_persona_out_cosine,pirate,0.9900189532148947
pre_mlp,18,leave_one_persona_out_cosine,tutor,0.9989692917709697
pre_mlp,18,pairwise_question_cosine,q0_vs_q2,0.42745189917251536
pre_mlp,18,pairwise_question_cosine,q0_vs_q5,0.4319188775907753
pre_mlp,18,pairwise_question_cosine,q0_vs_q51,0.3772565412435178
pre_mlp,18,pairwise_question_cosine,q0_vs_q119,0.41108098001141574
pre_mlp,18,pairwise_question_cosine,q0_vs_q190,0.4501394318189658
pre_mlp,18,pairwise_question_cosine,q2_vs_q5,0.3971453260320279
pre_mlp,18,pairwise_question_cosine,q2_vs_q51,0.3538482797845038
pre_mlp,18,pairwise_question_cosine,q2_vs_q119,0.4126763613415132
pre_mlp,18,pairwise_question_cosine,q2_vs_q190,0.4440498405631275
pre_mlp,18,pairwise_question_cosine,q5_vs_q51,0.41319947657984635
pre_mlp,18,pairwise_question_cosine,q5_vs_q119,0.35737921613736073
pre_mlp,18,pairwise_question_cosine,q5_vs_q190,0.3678446544691952
pre_mlp,18,pairwise_question_cosine,q51_vs_q119,0.3479154167164171
pre_mlp,18,pairwise_question_cosine,q51_vs_q190,0.3383293020861987
pre_mlp,18,pairwise_question_cosine,q119_vs_q190,0.41236055650289677
pre_mlp,18,leave_one_question_out_cosine,q0,0.973257376957123
pre_mlp,18,leave_one_question_out_cosine,q2,0.9872430637793446
pre_mlp,18,leave_one_question_out_cosine,q5,0.9792546937036287
pre_mlp,18,leave_one_question_out_cosine,q51,0.9701397548157425
pre_mlp,18,leave_one_question_out_cosine,q119,0.980303211858114
pre_mlp,18,leave_one_question_out_cosine,q190,0.9883100304471031
pre_mlp,18,split_half_question_cosine,q0|q5|q119_vs_q2|q51|q190,0.6687592226997303
pre_mlp,19,leave_one_persona_out_cosine,anarchist,0.9802362332573504
pre_mlp,19,leave_one_persona_out_cosine,bartender,0.9930220417164273
pre_mlp,19,leave_one_persona_out_cosine,comedian,0.9770157257290712
pre_mlp,19,leave_one_persona_out_cosine,consultant,0.9980656144078357
pre_mlp,19,leave_one_persona_out_cosine,devils_advocate,0.9923623129218755
pre_mlp,19,leave_one_persona_out_cosine,engineer,0.9968624086808034
pre_mlp,19,leave_one_persona_out_cosine,genie,0.9940848817272464
pre_mlp,19,leave_one_persona_out_cosine,librarian,0.9957637465786829
pre_mlp,19,leave_one_persona_out_cosine,mediator,0.9911290037965639
pre_mlp,19,leave_one_persona_out_cosine,mystic,0.9872412184710376
pre_mlp,19,leave_one_persona_out_cosine,pirate,0.9852066876314136
pre_mlp,19,leave_one_persona_out_cosine,tutor,0.9989593144011392
pre_mlp,19,pairwise_question_cosine,q0_vs_q2,0.4164317456994535
pre_mlp,19,pairwise_question_cosine,q0_vs_q5,0.4169123566239918
pre_mlp,19,pairwise_question_cosine,q0_vs_q51,0.35296619526115997
pre_mlp,19,pairwise_question_cosine,q0_vs_q119,0.37429904036759293
pre_mlp,19,pairwise_question_cosine,q0_vs_q190,0.4232157331968659
pre_mlp,19,pairwise_question_cosine,q2_vs_q5,0.39050794438267356
pre_mlp,19,pairwise_question_cosine,q2_vs_q51,0.34328437212920526
pre_mlp,19,pairwise_question_cosine,q2_vs_q119,0.4099199148546782
pre_mlp,19,pairwise_question_cosine,q2_vs_q190,0.4457327452443066
pre_mlp,19,pairwise_question_cosine,q5_vs_q51,0.4099701450858185
pre_mlp,19,pairwise_question_cosine,q5_vs_q119,0.3457760805670297
pre_mlp,19,pairwise_question_cosine,q5_vs_q190,0.3765665884360442
pre_mlp,19,pairwise_question_cosine,q51_vs_q119,0.35373497377136226
pre_mlp,19,pairwise_question_cosine,q51_vs_q190,0.33985293798929134
pre_mlp,19,pairwise_question_cosine,q119_vs_q190,0.4107909268174299
pre_mlp,19,leave_one_question_out_cosine,q0,0.9729946532795626
pre_mlp,19,leave_one_question_out_cosine,q2,0.9859192146836472
pre_mlp,19,leave_one_question_out_cosine,q5,0.9795299348126558
pre_mlp,19,leave_one_question_out_cosine,q51,0.9685914312931089
pre_mlp,19,leave_one_question_out_cosine,q119,0.9798074905935447
pre_mlp,19,leave_one_question_out_cosine,q190,0.98768464409509
pre_mlp,19,split_half_question_cosine,q0|q5|q119_vs_q2|q51|q190,0.665447481334031
pre_mlp,20,leave_one_persona_out_cosine,anarchist,0.9785033906612124
pre_mlp,20,leave_one_persona_out_cosine,bartender,0.9926864504288044
pre_mlp,20,leave_one_persona_out_cosine,comedian,0.9769920700495788
pre_mlp,20,leave_one_persona_out_cosine,consultant,0.9979997565229469
pre_mlp,20,leave_one_persona_out_cosine,devils_advocate,0.9921437429111679
pre_mlp,20,leave_one_persona_out_cosine,engineer,0.9968176522496871
pre_mlp,20,leave_one_persona_out_cosine,genie,0.9937044689957464
pre_mlp,20,leave_one_persona_out_cosine,librarian,0.9956745332125738
pre_mlp,20,leave_one_persona_out_cosine,mediator,0.9910582672121785
pre_mlp,20,leave_one_persona_out_cosine,mystic,0.98411030036442
pre_mlp,20,leave_one_persona_out_cosine,pirate,0.9837015817641895
pre_mlp,20,leave_one_persona_out_cosine,tutor,0.9989275975309048
pre_mlp,20,pairwise_question_cosine,q0_vs_q2,0.40537390979123544
pre_mlp,20,pairwise_question_cosine,q0_vs_q5,0.41233297717635004
pre_mlp,20,pairwise_question_cosine,q0_vs_q51,0.33983046881947865
pre_mlp,20,pairwise_question_cosine,q0_vs_q119,0.38613481319314447
pre_mlp,20,pairwise_question_cosine,q0_vs_q190,0.4248783711170534
pre_mlp,20,pairwise_question_cosine,q2_vs_q5,0.3897511473488036
pre_mlp,20,pairwise_question_cosine,q2_vs_q51,0.3324343902443637
pre_mlp,20,pairwise_question_cosine,q2_vs_q119,0.420635552014042
pre_mlp,20,pairwise_question_cosine,q2_vs_q190,0.43312013063661015
pre_mlp,20,pairwise_question_cosine,q5_vs_q51,0.3987826865839211
pre_mlp,20,pairwise_question_cosine,q5_vs_q119,0.3605150587362037
pre_mlp,20,pairwise_question_cosine,q5_vs_q190,0.3714772603210633
pre_mlp,20,pairwise_question_cosine,q51_vs_q119,0.35754232794511415
pre_mlp,20,pairwise_question_cosine,q51_vs_q190,0.3143566991611076
pre_mlp,20,pairwise_question_cosine,q119_vs_q190,0.40928800103425217
pre_mlp,20,leave_one_question_out_cosine,q0,0.9713034828598627
pre_mlp,20,leave_one_question_out_cosine,q2,0.9859536878996803
pre_mlp,20,leave_one_question_out_cosine,q5,0.9797033985779036
pre_mlp,20,leave_one_question_out_cosine,q51,0.9684582553646024
pre_mlp,20,leave_one_question_out_cosine,q119,0.9803283806791719
pre_mlp,20,leave_one_question_out_cosine,q190,0.9872790387566271
pre_mlp,20,split_half_question_cosine,q0|q5|q119_vs_q2|q51|q190,0.6625143770259192
block_output,8,leave_one_persona_out_cosine,anarchist,0.9767893106472427
block_output,8,leave_one_persona_out_cosine,bartender,0.992117659990762
block_output,8,leave_one_persona_out_cosine,comedian,0.9792422598802134
block_output,8,leave_one_persona_out_cosine,consultant,0.9970029877688364
block_output,8,leave_one_persona_out_cosine,devils_advocate,0.9883281516514282
block_output,8,leave_one_persona_out_cosine,engineer,0.9944788841139733
block_output,8,leave_one_persona_out_cosine,genie,0.9933695979977881
block_output,8,leave_one_persona_out_cosine,librarian,0.9950197678454908
block_output,8,leave_one_persona_out_cosine,mediator,0.9890477812081652
block_output,8,leave_one_persona_out_cosine,mystic,0.9884732633348586
block_output,8,leave_one_persona_out_cosine,pirate,0.9921626575102488
block_output,8,leave_one_persona_out_cosine,tutor,0.998733121750437
block_output,8,pairwise_question_cosine,q0_vs_q2,0.2103576975407141
block_output,8,pairwise_question_cosine,q0_vs_q5,0.3835778476141885
block_output,8,pairwise_question_cosine,q0_vs_q51,0.20045549384935363
block_output,8,pairwise_question_cosine,q0_vs_q119,0.2315831460758496
block_output,8,pairwise_question_cosine,q0_vs_q190,0.21883995970837294
block_output,8,pairwise_question_cosine,q2_vs_q5,0.3179473732658442
block_output,8,pairwise_question_cosine,q2_vs_q51,0.3204960034017764
block_output,8,pairwise_question_cosine,q2_vs_q119,-0.014076779577610408
block_output,8,pairwise_question_cosine,q2_vs_q190,0.13691244880688505
block_output,8,pairwise_question_cosine,q5_vs_q51,0.2949035677760915
block_output,8,pairwise_question_cosine,q5_vs_q119,0.28033530033330695
block_output,8,pairwise_question_cosine,q5_vs_q190,0.23078266588998006
block_output,8,pairwise_question_cosine,q51_vs_q119,0.17729126616485152
block_output,8,pairwise_question_cosine,q51_vs_q190,0.23654153617170462
block_output,8,pairwise_question_cosine,q119_vs_q190,0.4046600326192724
block_output,8,leave_one_question_out_cosine,q0,0.947122192889358
block_output,8,leave_one_question_out_cosine,q2,0.9739552277250744
block_output,8,leave_one_question_out_cosine,q5,0.9683236245331341
block_output,8,leave_one_question_out_cosine,q51,0.9623233589098247
block_output,8,leave_one_question_out_cosine,q119,0.9705663189249912
block_output,8,leave_one_question_out_cosine,q190,0.9822919539414398
block_output,8,split_half_question_cosine,q0|q5|q119_vs_q2|q51|q190,0.4318028793913522
block_output,9,leave_one_persona_out_cosine,anarchist,0.9726016725571368
block_output,9,leave_one_persona_out_cosine,bartender,0.9908039341238061
block_output,9,leave_one_persona_out_cosine,comedian,0.9801639722392117
block_output,9,leave_one_persona_out_cosine,consultant,0.9969730060862164
block_output,9,leave_one_persona_out_cosine,devils_advocate,0.9890623486607601
block_output,9,leave_one_persona_out_cosine,engineer,0.9947742282129257
block_output,9,leave_one_persona_out_cosine,genie,0.9939161280050177
block_output,9,leave_one_persona_out_cosine,librarian,0.9942305136449838
block_output,9,leave_one_persona_out_cosine,mediator,0.9889384614954185
block_output,9,leave_one_persona_out_cosine,mystic,0.9872440165833605
block_output,9,leave_one_persona_out_cosine,pirate,0.9919073944590947
block_output,9,leave_one_persona_out_cosine,tutor,0.9986763727760509
block_output,9,pairwise_question_cosine,q0_vs_q2,0.17768340135939362
block_output,9,pairwise_question_cosine,q0_vs_q5,0.3227379452374679
block_output,9,pairwise_question_cosine,q0_vs_q51,0.20880714820949303
block_output,9,pairwise_question_cosine,q0_vs_q119,0.25182004745617276
block_output,9,pairwise_question_cosine,q0_vs_q190,0.22397181851883907
block_output,9,pairwise_question_cosine,q2_vs_q5,0.26714941434050216
block_output,9,pairwise_question_cosine,q2_vs_q51,0.27750002511656247
block_output,9,pairwise_question_cosine,q2_vs_q119,0.07548535921902452
block_output,9,pairwise_question_cosine,q2_vs_q190,0.16021299490992919
block_output,9,pairwise_question_cosine,q5_vs_q51,0.258719937456758
block_output,9,pairwise_question_cosine,q5_vs_q119,0.24920104640807972
block_output,9,pairwise_question_cosine,q5_vs_q190,0.2219384935351176
block_output,9,pairwise_question_cosine,q51_vs_q119,0.14827786226890682
block_output,9,pairwise_question_cosine,q51_vs_q190,0.20046468761979314
block_output,9,pairwise_question_cosine,q119_vs_q190,0.3723798778076702
block_output,9,leave_one_question_out_cosine,q0,0.9523588350695334
block_output,9,leave_one_question_out_cosine,q2,0.9708491815918966
block_output,9,leave_one_question_out_cosine,q5,0.9607855731199636
block_output,9,leave_one_question_out_cosine,q51,0.957790206376167
block_output,9,leave_one_question_out_cosine,q119,0.9681039250242262
block_output,9,leave_one_question_out_cosine,q190,0.9831996599330565
block_output,9,split_half_question_cosine,q0|q5|q119_vs_q2|q51|q190,0.4229857250032981
block_output,10,leave_one_persona_out_cosine,anarchist,0.9716694285328927
block_output,10,leave_one_persona_out_cosine,bartender,0.9905204272228729
block_output,10,leave_one_persona_out_cosine,comedian,0.981586067112287
block_output,10,leave_one_persona_out_cosine,consultant,0.9969819444006385
block_output,10,leave_one_persona_out_cosine,devils_advocate,0.989411036241422
block_output,10,leave_one_persona_out_cosine,engineer,0.9949319858900024
block_output,10,leave_one_persona_out_cosine,genie,0.9942753195721697
block_output,10,leave_one_persona_out_cosine,librarian,0.9943043107613462
block_output,10,leave_one_persona_out_cosine,mediator,0.9886161676758477
block_output,10,leave_one_persona_out_cosine,mystic,0.987768775750959
block_output,10,leave_one_persona_out_cosine,pirate,0.9928204281797647
block_output,10,leave_one_persona_out_cosine,tutor,0.9986621492514763
block_output,10,pairwise_question_cosine,q0_vs_q2,0.18233196247156594
block_output,10,pairwise_question_cosine,q0_vs_q5,0.30328524959771697
block_output,10,pairwise_question_cosine,q0_vs_q51,0.17798756695604812
block_output,10,pairwise_question_cosine,q0_vs_q119,0.23129821873492704
block_output,10,pairwise_question_cosine,q0_vs_q190,0.20094229612141512
block_output,10,pairwise_question_cosine,q2_vs_q5,0.2283801787138932
block_output,10,pairwise_question_cosine,q2_vs_q51,0.23993176879685477
block_output,10,pairwise_question_cosine,q2_vs_q119,0.02517607952943613
block_output,10,pairwise_question_cosine,q2_vs_q190,0.10960115773927773
block_output,10,pairwise_question_cosine,q5_vs_q51,0.24614608662825121
block_output,10,pairwise_question_cosine,q5_vs_q119,0.23342118687200175
block_output,10,pairwise_question_cosine,q5_vs_q190,0.2081350960489847
block_output,10,pairwise_question_cosine,q51_vs_q119,0.11904531399428186
block_output,10,pairwise_question_cosine,q51_vs_q190,0.19936970244708588
block_output,10,pairwise_question_cosine,q119_vs_q190,0.3435622202149277
block_output,10,leave_one_question_out_cosine,q0,0.953410136426463
block_output,10,leave_one_question_out_cosine,q2,0.9693539677701244
block_output,10,leave_one_question_out_cosine,q5,0.958626135834374
block_output,10,leave_one_question_out_cosine,q51,0.9451451978244652
block_output,10,leave_one_question_out_cosine,q119,0.9660266490105471
block_output,10,leave_one_question_out_cosine,q190,0.9820839521475124
block_output,10,split_half_question_cosine,q0|q5|q119_vs_q2|q51|q190,0.38488695859572375
block_output,11,leave_one_persona_out_cosine,anarchist,0.9674982171518332
block_output,11,leave_one_persona_out_cosine,bartender,0.9893468674076512
block_output,11,leave_one_persona_out_cosine,comedian,0.9795365295192516
block_output,11,leave_one_persona_out_cosine,consultant,0.996808103455378
block_output,11,leave_one_persona_out_cosine,devils_advocate,0.9894531583091012
block_output,11,leave_one_persona_out_cosine,engineer,0.9948888876357141
block_output,11,leave_one_persona_out_cosine,genie,0.9943592230030273
block_output,11,leave_one_persona_out_cosine,librarian,0.9936619723435338
block_output,11,leave_one_persona_out_cosine,mediator,0.9876830592700903
block_output,11,leave_one_persona_out_cosine,mystic,0.9864179447478336
block_output,11,leave_one_persona_out_cosine,pirate,0.9923866038396433
block_output,11,leave_one_persona_out_cosine,tutor,0.998694822709604
block_output,11,pairwise_question_cosine,q0_vs_q2,0.15657191191504743
block_output,11,pairwise_question_cosine,q0_vs_q5,0.2804692217055872
block_output,11,pairwise_question_cosine,q0_vs_q51,0.18948255505388115
block_output,11,pairwise_question_cosine,q0_vs_q119,0.24513027952888936
block_output,11,pairwise_question_cosine,q0_vs_q190,0.22361286009478631
block_output,11,pairwise_question_cosine,q2_vs_q5,0.21593951030327843
block_output,11,pairwise_question_cosine,q2_vs_q51,0.22763544502255015
block_output,11,pairwise_question_cosine,q2_vs_q119,0.10528491875114537
block_output,11,pairwise_question_cosine,q2_vs_q190,0.13834970469175284
block_output,11,pairwise_question_cosine,q5_vs_q51,0.2390625518324432
block_output,11,pairwise_question_cosine,q5_vs_q119,0.21693377918681073
block_output,11,pairwise_question_cosine,q5_vs_q190,0.18514070815938705
block_output,11,pairwise_question_cosine,q51_vs_q119,0.15095658734474632
block_output,11,pairwise_question_cosine,q51_vs_q190,0.2030414110082447
block_output,11,pairwise_question_cosine,q119_vs_q190,0.3516724706769842
block_output,11,leave_one_question_out_cosine,q0,0.9543913949755937
block_output,11,leave_one_question_out_cosine,q2,0.971142651173072
block_output,11,leave_one_question_out_cosine,q5,0.9581152921540231
block_output,11,leave_one_question_out_cosine,q51,0.9478566093219699
block_output,11,leave_one_question_out_cosine,q119,0.9662638452467094
block_output,11,leave_one_question_out_cosine,q190,0.9802098293586807
block_output,11,split_half_question_cosine,q0|q5|q119_vs_q2|q51|q190,0.40796436049347606
block_output,12,leave_one_persona_out_cosine,anarchist,0.9670771621996819
block_output,12,leave_one_persona_out_cosine,bartender,0.9894544261947437
block_output,12,leave_one_persona_out_cosine,comedian,0.9782894200545034
block_output,12,leave_one_persona_out_cosine,consultant,0.9968465962978308
block_output,12,leave_one_persona_out_cosine,devils_advocate,0.989220435493521
block_output,12,leave_one_persona_out_cosine,engineer,0.9952339532249456
block_output,12,leave_one_persona_out_cosine,genie,0.9943876017179809
block_output,12,leave_one_persona_out_cosine,librarian,0.993729571296605
block_output,12,leave_one_persona_out_cosine,mediator,0.9876424992624361
block_output,12,leave_one_persona_out_cosine,mystic,0.9878131826411293
block_output,12,leave_one_persona_out_cosine,pirate,0.992816635940588
block_output,12,leave_one_persona_out_cosine,tutor,0.9986676996440784
block_output,12,pairwise_question_cosine,q0_vs_q2,0.18435492426645714
block_output,12,pairwise_question_cosine,q0_vs_q5,0.2879960458712897
block_output,12,pairwise_question_cosine,q0_vs_q51,0.1893375018904477
block_output,12,pairwise_question_cosine,q0_vs_q119,0.2046645781026837
block_output,12,pairwise_question_cosine,q0_vs_q190,0.20563928546132884
block_output,12,pairwise_question_cosine,q2_vs_q5,0.2060146941974749
block_output,12,pairwise_question_cosine,q2_vs_q51,0.22863499349825692
block_output,12,pairwise_question_cosine,q2_vs_q119,0.05481221436527773
block_output,12,pairwise_question_cosine,q2_vs_q190,0.12523493952827472
block_output,12,pairwise_question_cosine,q5_vs_q51,0.23593361985171818
block_output,12,pairwise_question_cosine,q5_vs_q119,0.18560558481733438
block_output,12,pairwise_question_cosine,q5_vs_q190,0.17467298656141472
block_output,12,pairwise_question_cosine,q51_vs_q119,0.13414375319783328
block_output,12,pairwise_question_cosine,q51_vs_q190,0.17231803942184276
block_output,12,pairwise_question_cosine,q119_vs_q190,0.3249201592166122
block_output,12,leave_one_question_out_cosine,q0,0.947629822860686
block_output,12,leave_one_question_out_cosine,q2,0.9703506777939233
block_output,12,leave_one_question_out_cosine,q5,0.9556017881706591
block_output,12,leave_one_question_out_cosine,q51,0.9488466271410554
block_output,12,leave_one_question_out_cosine,q119,0.9659181237490525
block_output,12,leave_one_question_out_cosine,q190,0.9799343373733871
block_output,12,split_half_question_cosine,q0|q5|q119_vs_q2|q51|q190,0.3958368698529979
block_output,13,leave_one_persona_out_cosine,anarchist,0.9698433593139343
block_output,13,leave_one_persona_out_cosine,bartender,0.99031258677449
block_output,13,leave_one_persona_out_cosine,comedian,0.9776858409090685
block_output,13,leave_one_persona_out_cosine,consultant,0.9972136713068841
block_output,13,leave_one_persona_out_cosine,devils_advocate,0.9901318813517771
block_output,13,leave_one_persona_out_cosine,engineer,0.9958268694352688
block_output,13,leave_one_persona_out_cosine,genie,0.9947020953272059
block_output,13,leave_one_persona_out_cosine,librarian,0.9947202526140038
block_output,13,leave_one_persona_out_cosine,mediator,0.9884942675603291
block_output,13,leave_one_persona_out_cosine,mystic,0.9880314379252328
block_output,13,leave_one_persona_out_cosine,pirate,0.9924838700843192
block_output,13,leave_one_persona_out_cosine,tutor,0.9987572219716492
block_output,13,pairwise_question_cosine,q0_vs_q2,0.23314976052030242
block_output,13,pairwise_question_cosine,q0_vs_q5,0.31804256884286564
block_output,13,pairwise_question_cosine,q0_vs_q51,0.24551816930530262
block_output,13,pairwise_question_cosine,q0_vs_q119,0.27954168170129867
block_output,13,pairwise_question_cosine,q0_vs_q190,0.28281593002128524
block_output,13,pairwise_question_cosine,q2_vs_q5,0.21751386754410637
block_output,13,pairwise_question_cosine,q2_vs_q51,0.2605480301271961
block_output,13,pairwise_question_cosine,q2_vs_q119,0.1499694434910075
block_output,13,pairwise_question_cosine,q2_vs_q190,0.21943229967082056
block_output,13,pairwise_question_cosine,q5_vs_q51,0.2774644607274856
block_output,13,pairwise_question_cosine,q5_vs_q119,0.2299447920783935
block_output,13,pairwise_question_cosine,q5_vs_q190,0.2011911978419237
block_output,13,pairwise_question_cosine,q51_vs_q119,0.1919149226212825
block_output,13,pairwise_question_cosine,q51_vs_q190,0.19285719769131127
block_output,13,pairwise_question_cosine,q119_vs_q190,0.3343666464192921
block_output,13,leave_one_question_out_cosine,q0,0.9584668836899994
block_output,13,leave_one_question_out_cosine,q2,0.9754236137737504
block_output,13,leave_one_question_out_cosine,q5,0.9627314338434358
block_output,13,leave_one_question_out_cosine,q51,0.9536233793644978
block_output,13,leave_one_question_out_cosine,q119,0.9700835807688217
block_output,13,leave_one_question_out_cosine,q190,0.9824840155047048
block_output,13,split_half_question_cosine,q0|q5|q119_vs_q2|q51|q190,0.4664884202272539
block_output,14,leave_one_persona_out_cosine,anarchist,0.9744187763125965
block_output,14,leave_one_persona_out_cosine,bartender,0.9917950550026138
block_output,14,leave_one_persona_out_cosine,comedian,0.9787840462195118
block_output,14,leave_one_persona_out_cosine,consultant,0.9975600323819147
block_output,14,leave_one_persona_out_cosine,devils_advocate,0.9908148549883176
block_output,14,leave_one_persona_out_cosine,engineer,0.9963083171376415
block_output,14,leave_one_persona_out_cosine,genie,0.9952640010514636
block_output,14,leave_one_persona_out_cosine,librarian,0.9953424809549942
block_output,14,leave_one_persona_out_cosine,mediator,0.989954482560003
block_output,14,leave_one_persona_out_cosine,mystic,0.9896344829282876
block_output,14,leave_one_persona_out_cosine,pirate,0.9934203156050342
block_output,14,leave_one_persona_out_cosine,tutor,0.9988333404380259
block_output,14,pairwise_question_cosine,q0_vs_q2,0.31556894779633976
block_output,14,pairwise_question_cosine,q0_vs_q5,0.35938551368974264
block_output,14,pairwise_question_cosine,q0_vs_q51,0.2718059842203868
block_output,14,pairwise_question_cosine,q0_vs_q119,0.2703780468032747
block_output,14,pairwise_question_cosine,q0_vs_q190,0.2646322137895482
block_output,14,pairwise_question_cosine,q2_vs_q5,0.26759014160692396
block_output,14,pairwise_question_cosine,q2_vs_q51,0.2638282736661951
block_output,14,pairwise_question_cosine,q2_vs_q119,0.17530924723587585
block_output,14,pairwise_question_cosine,q2_vs_q190,0.23765408411099787
block_output,14,pairwise_question_cosine,q5_vs_q51,0.2904141358982421
block_output,14,pairwise_question_cosine,q5_vs_q119,0.24949303911588283
block_output,14,pairwise_question_cosine,q5_vs_q190,0.2062714896922602
block_output,14,pairwise_question_cosine,q51_vs_q119,0.19161837336450277
block_output,14,pairwise_question_cosine,q51_vs_q190,0.1998243540843578
block_output,14,pairwise_question_cosine,q119_vs_q190,0.3288422656944466
block_output,14,leave_one_question_out_cosine,q0,0.9598246607783485
block_output,14,leave_one_question_out_cosine,q2,0.9777427571883829
block_output,14,leave_one_question_out_cosine,q5,0.9672966494040267
block_output,14,leave_one_question_out_cosine,q51,0.9549871326297267
block_output,14,leave_one_question_out_cosine,q119,0.9708221014993803
block_output,14,leave_one_question_out_cosine,q190,0.9837857792246315
block_output,14,split_half_question_cosine,q0|q5|q119_vs_q2|q51|q190,0.4984597440923282
block_output,15,leave_one_persona_out_cosine,anarchist,0.978126273932895
block_output,15,leave_one_persona_out_cosine,bartender,0.9930055957007977
block_output,15,leave_one_persona_out_cosine,comedian,0.9776619346940911
block_output,15,leave_one_persona_out_cosine,consultant,0.9979886355705284
block_output,15,leave_one_persona_out_cosine,devils_advocate,0.9913872976232841
block_output,15,leave_one_persona_out_cosine,engineer,0.9968281745619298
block_output,15,leave_one_persona_out_cosine,genie,0.9955303262950521
block_output,15,leave_one_persona_out_cosine,librarian,0.9960917442652331
block_output,15,leave_one_persona_out_cosine,mediator,0.991804987151444
block_output,15,leave_one_persona_out_cosine,mystic,0.99022013032339
block_output,15,leave_one_persona_out_cosine,pirate,0.9936489748219242
block_output,15,leave_one_persona_out_cosine,tutor,0.9989684051209924
block_output,15,pairwise_question_cosine,q0_vs_q2,0.36973220783364263
block_output,15,pairwise_question_cosine,q0_vs_q5,0.40004256954972855
block_output,15,pairwise_question_cosine,q0_vs_q51,0.30134803989668024
block_output,15,pairwise_question_cosine,q0_vs_q119,0.3491785740185048
block_output,15,pairwise_question_cosine,q0_vs_q190,0.3464283599840289
block_output,15,pairwise_question_cosine,q2_vs_q5,0.3336351463036996
block_output,15,pairwise_question_cosine,q2_vs_q51,0.29636287757345947
block_output,15,pairwise_question_cosine,q2_vs_q119,0.29294283403654603
block_output,15,pairwise_question_cosine,q2_vs_q190,0.32871351185136616
block_output,15,pairwise_question_cosine,q5_vs_q51,0.315727330306666
block_output,15,pairwise_question_cosine,q5_vs_q119,0.3141995102844601
block_output,15,pairwise_question_cosine,q5_vs_q190,0.2852116239322469
block_output,15,pairwise_question_cosine,q51_vs_q119,0.2350096259629536
block_output,15,pairwise_question_cosine,q51_vs_q190,0.23380008594447854
block_output,15,pairwise_question_cosine,q119_vs_q190,0.37445406213253796
block_output,15,leave_one_question_out_cosine,q0,0.9661254117807407
block_output,15,leave_one_question_out_cosine,q2,0.9821409460088129
block_output,15,leave_one_question_out_cosine,q5,0.9740784599403738
block_output,15,leave_one_question_out_cosine,q51,0.9601503732467744
block_output,15,leave_one_question_out_cosine,q119,0.976339475638249
block_output,15,leave_one_question_out_cosine,q190,0.9859346198439549
block_output,15,split_half_question_cosine,q0|q5|q119_vs_q2|q51|q190,0.5679637076356162
block_output,16,leave_one_persona_out_cosine,anarchist,0.9788647779843606
block_output,16,leave_one_persona_out_cosine,bartender,0.993202912271302
block_output,16,leave_one_persona_out_cosine,comedian,0.9762591485655622
block_output,16,leave_one_persona_out_cosine,consultant,0.998002755498717
block_output,16,leave_one_persona_out_cosine,devils_advocate,0.9918231926361413
block_output,16,leave_one_persona_out_cosine,engineer,0.996750417336039
block_output,16,leave_one_persona_out_cosine,genie,0.9957967901274843
block_output,16,leave_one_persona_out_cosine,librarian,0.9961115410339535
block_output,16,leave_one_persona_out_cosine,mediator,0.9916495526265383
block_output,16,leave_one_persona_out_cosine,mystic,0.9911297030849116
block_output,16,leave_one_persona_out_cosine,pirate,0.993860895177744
block_output,16,leave_one_persona_out_cosine,tutor,0.9988679285639539
block_output,16,pairwise_question_cosine,q0_vs_q2,0.41129096554367556
block_output,16,pairwise_question_cosine,q0_vs_q5,0.4042112846175145
block_output,16,pairwise_question_cosine,q0_vs_q51,0.3085045956640248
block_output,16,pairwise_question_cosine,q0_vs_q119,0.2762143856137131
block_output,16,pairwise_question_cosine,q0_vs_q190,0.3341995797016236
block_output,16,pairwise_question_cosine,q2_vs_q5,0.35772696382076113
block_output,16,pairwise_question_cosine,q2_vs_q51,0.2843768824720551
block_output,16,pairwise_question_cosine,q2_vs_q119,0.27353241779667287
block_output,16,pairwise_question_cosine,q2_vs_q190,0.3222099941927334
block_output,16,pairwise_question_cosine,q5_vs_q51,0.3199437776007697
block_output,16,pairwise_question_cosine,q5_vs_q119,0.25837854812502653
block_output,16,pairwise_question_cosine,q5_vs_q190,0.27154717870666134
block_output,16,pairwise_question_cosine,q51_vs_q119,0.22246170949019645
block_output,16,pairwise_question_cosine,q51_vs_q190,0.2403648779030096
block_output,16,pairwise_question_cosine,q119_vs_q190,0.3424771764128252
block_output,16,leave_one_question_out_cosine,q0,0.964131492655019
block_output,16,leave_one_question_out_cosine,q2,0.9819222039879726
block_output,16,leave_one_question_out_cosine,q5,0.9739999210415214
block_output,16,leave_one_question_out_cosine,q51,0.9623890423973172
block_output,16,leave_one_question_out_cosine,q119,0.9729196993706193
block_output,16,leave_one_question_out_cosine,q190,0.9854571027570718
block_output,16,split_half_question_cosine,q0|q5|q119_vs_q2|q51|q190,0.5856633733550018
block_output,17,leave_one_persona_out_cosine,anarchist,0.9812464379715811
block_output,17,leave_one_persona_out_cosine,bartender,0.9943332652567964
block_output,17,leave_one_persona_out_cosine,comedian,0.9810604221913897
block_output,17,leave_one_persona_out_cosine,consultant,0.9982428203736295
block_output,17,leave_one_persona_out_cosine,devils_advocate,0.9929015535073672
block_output,17,leave_one_persona_out_cosine,engineer,0.9970419514219065
block_output,17,leave_one_persona_out_cosine,genie,0.9957393182694897
block_output,17,leave_one_persona_out_cosine,librarian,0.9965575536952259
block_output,17,leave_one_persona_out_cosine,mediator,0.9921572329040448
block_output,17,leave_one_persona_out_cosine,mystic,0.9900474203396511
block_output,17,leave_one_persona_out_cosine,pirate,0.9914348867527251
block_output,17,leave_one_persona_out_cosine,tutor,0.9989867466515349
block_output,17,pairwise_question_cosine,q0_vs_q2,0.4582297583496192
block_output,17,pairwise_question_cosine,q0_vs_q5,0.4505163041412073
block_output,17,pairwise_question_cosine,q0_vs_q51,0.38829764177385245
block_output,17,pairwise_question_cosine,q0_vs_q119,0.4058886678396413
block_output,17,pairwise_question_cosine,q0_vs_q190,0.43215785761605446
block_output,17,pairwise_question_cosine,q2_vs_q5,0.43744991182241
block_output,17,pairwise_question_cosine,q2_vs_q51,0.36197263191156204
block_output,17,pairwise_question_cosine,q2_vs_q119,0.4016266381828839
block_output,17,pairwise_question_cosine,q2_vs_q190,0.4077667139187176
block_output,17,pairwise_question_cosine,q5_vs_q51,0.40397590139737893
block_output,17,pairwise_question_cosine,q5_vs_q119,0.34214025133124126
block_output,17,pairwise_question_cosine,q5_vs_q190,0.3479664604743709
block_output,17,pairwise_question_cosine,q51_vs_q119,0.3231009833145079
block_output,17,pairwise_question_cosine,q51_vs_q190,0.33753810476568363
block_output,17,pairwise_question_cosine,q119_vs_q190,0.41057078669847563
block_output,17,leave_one_question_out_cosine,q0,0.9727071505956996
block_output,17,leave_one_question_out_cosine,q2,0.9863301041511691
block_output,17,leave_one_question_out_cosine,q5,0.9802136363986097
block_output,17,leave_one_question_out_cosine,q51,0.9706151720613393
block_output,17,leave_one_question_out_cosine,q119,0.9806671930485942
block_output,17,leave_one_question_out_cosine,q190,0.988320468627394
block_output,17,split_half_question_cosine,q0|q5|q119_vs_q2|q51|q190,0.6714946940784103
block_output,18,leave_one_persona_out_cosine,anarchist,0.9837048725649228
block_output,18,leave_one_persona_out_cosine,bartender,0.9951830749320179
block_output,18,leave_one_persona_out_cosine,comedian,0.9765382766970772
block_output,18,leave_one_persona_out_cosine,consultant,0.998426564547982
block_output,18,leave_one_persona_out_cosine,devils_advocate,0.9935768842237523
block_output,18,leave_one_persona_out_cosine,engineer,0.9969499898943074
block_output,18,leave_one_persona_out_cosine,genie,0.9956129437724786
block_output,18,leave_one_persona_out_cosine,librarian,0.996773852169465
block_output,18,leave_one_persona_out_cosine,mediator,0.9931659914391668
block_output,18,leave_one_persona_out_cosine,mystic,0.9897971295740292
block_output,18,leave_one_persona_out_cosine,pirate,0.9896500484758818
block_output,18,leave_one_persona_out_cosine,tutor,0.9990260066903838
block_output,18,pairwise_question_cosine,q0_vs_q2,0.4645627227206429
block_output,18,pairwise_question_cosine,q0_vs_q5,0.4528361290557492
block_output,18,pairwise_question_cosine,q0_vs_q51,0.40153317670288047
block_output,18,pairwise_question_cosine,q0_vs_q119,0.38404492863657613
block_output,18,pairwise_question_cosine,q0_vs_q190,0.4284930533751231
block_output,18,pairwise_question_cosine,q2_vs_q5,0.4650307640691861
block_output,18,pairwise_question_cosine,q2_vs_q51,0.3944677854817448
block_output,18,pairwise_question_cosine,q2_vs_q119,0.4281227711539577
block_output,18,pairwise_question_cosine,q2_vs_q190,0.45275601161772666
block_output,18,pairwise_question_cosine,q5_vs_q51,0.4527645564043321
block_output,18,pairwise_question_cosine,q5_vs_q119,0.3800970184062611
block_output,18,pairwise_question_cosine,q5_vs_q190,0.38985261573685587
block_output,18,pairwise_question_cosine,q51_vs_q119,0.37542340681760594
block_output,18,pairwise_question_cosine,q51_vs_q190,0.3748740273185819
block_output,18,pairwise_question_cosine,q119_vs_q190,0.4336428326865146
block_output,18,leave_one_question_out_cosine,q0,0.9716740297358424
block_output,18,leave_one_question_out_cosine,q2,0.9878411215798623
block_output,18,leave_one_question_out_cosine,q5,0.9823200036521595
block_output,18,leave_one_question_out_cosine,q51,0.9730827151721348
block_output,18,leave_one_question_out_cosine,q119,0.9822109573934321
block_output,18,leave_one_question_out_cosine,q190,0.9894595609609478
block_output,18,split_half_question_cosine,q0|q5|q119_vs_q2|q51|q190,0.6985189090900357
block_output,19,leave_one_persona_out_cosine,anarchist,0.981334003620378
block_output,19,leave_one_persona_out_cosine,bartender,0.993948720407972
block_output,19,leave_one_persona_out_cosine,comedian,0.9774919803430517
block_output,19,leave_one_persona_out_cosine,consultant,0.9982671614221021
block_output,19,leave_one_persona_out_cosine,devils_advocate,0.9930590097461988
block_output,19,leave_one_persona_out_cosine,engineer,0.9966907880924869
block_output,19,leave_one_persona_out_cosine,genie,0.994662946700103
block_output,19,leave_one_persona_out_cosine,librarian,0.9960140231578598
block_output,19,leave_one_persona_out_cosine,mediator,0.9920169872815225
block_output,19,leave_one_persona_out_cosine,mystic,0.9852568657755207
block_output,19,leave_one_persona_out_cosine,pirate,0.9855160872868375
block_output,19,leave_one_persona_out_cosine,tutor,0.9990173329588533
block_output,19,pairwise_question_cosine,q0_vs_q2,0.43033702763281867
block_output,19,pairwise_question_cosine,q0_vs_q5,0.4464220717020911
block_output,19,pairwise_question_cosine,q0_vs_q51,0.3771751522823024
block_output,19,pairwise_question_cosine,q0_vs_q119,0.4056435164090146
block_output,19,pairwise_question_cosine,q0_vs_q190,0.44481773049961615
block_output,19,pairwise_question_cosine,q2_vs_q5,0.44229613719129884
block_output,19,pairwise_question_cosine,q2_vs_q51,0.36809354340210354
block_output,19,pairwise_question_cosine,q2_vs_q119,0.4356645614005611
block_output,19,pairwise_question_cosine,q2_vs_q190,0.43601043708276277
block_output,19,pairwise_question_cosine,q5_vs_q51,0.4423109353789087
block_output,19,pairwise_question_cosine,q5_vs_q119,0.3820314127438821
block_output,19,pairwise_question_cosine,q5_vs_q190,0.41166586447689335
block_output,19,pairwise_question_cosine,q51_vs_q119,0.3727000534766517
block_output,19,pairwise_question_cosine,q51_vs_q190,0.3613444787949959
block_output,19,pairwise_question_cosine,q119_vs_q190,0.4387955473940017
block_output,19,leave_one_question_out_cosine,q0,0.973172900265042
block_output,19,leave_one_question_out_cosine,q2,0.9862490685905749
block_output,19,leave_one_question_out_cosine,q5,0.9822846901577359
block_output,19,leave_one_question_out_cosine,q51,0.9720585913514803
block_output,19,leave_one_question_out_cosine,q119,0.9820174691455282
block_output,19,leave_one_question_out_cosine,q190,0.9889664056888332
block_output,19,split_half_question_cosine,q0|q5|q119_vs_q2|q51|q190,0.6934101838465283
block_output,20,leave_one_persona_out_cosine,anarchist,0.980162692418564
block_output,20,leave_one_persona_out_cosine,bartender,0.9940138589878339
block_output,20,leave_one_persona_out_cosine,comedian,0.9773127350684089
block_output,20,leave_one_persona_out_cosine,consultant,0.998231978366317
block_output,20,leave_one_persona_out_cosine,devils_advocate,0.9932049345259937
block_output,20,leave_one_persona_out_cosine,engineer,0.9965883545304219
block_output,20,leave_one_persona_out_cosine,genie,0.994668715536636
block_output,20,leave_one_persona_out_cosine,librarian,0.9960041493540244
block_output,20,leave_one_persona_out_cosine,mediator,0.9922513175629327
block_output,20,leave_one_persona_out_cosine,mystic,0.9856820096077697
block_output,20,leave_one_persona_out_cosine,pirate,0.9859227771550297
block_output,20,leave_one_persona_out_cosine,tutor,0.9989492932992654
block_output,20,pairwise_question_cosine,q0_vs_q2,0.4344281878920511
block_output,20,pairwise_question_cosine,q0_vs_q5,0.44254480154396203
block_output,20,pairwise_question_cosine,q0_vs_q51,0.3402584429172174
block_output,20,pairwise_question_cosine,q0_vs_q119,0.3757328724752858
block_output,20,pairwise_question_cosine,q0_vs_q190,0.4334861666014475
block_output,20,pairwise_question_cosine,q2_vs_q5,0.45341752077023195
block_output,20,pairwise_question_cosine,q2_vs_q51,0.3704907123207116
block_output,20,pairwise_question_cosine,q2_vs_q119,0.4340042083416023
block_output,20,pairwise_question_cosine,q2_vs_q190,0.44071579159455343
block_output,20,pairwise_question_cosine,q5_vs_q51,0.44244610896732317
block_output,20,pairwise_question_cosine,q5_vs_q119,0.3708290193256281
block_output,20,pairwise_question_cosine,q5_vs_q190,0.3977389749829281
block_output,20,pairwise_question_cosine,q51_vs_q119,0.3932559429549913
block_output,20,pairwise_question_cosine,q51_vs_q190,0.3467368523633811
block_output,20,pairwise_question_cosine,q119_vs_q190,0.4253719018301664
block_output,20,leave_one_question_out_cosine,q0,0.9703853132118205
block_output,20,leave_one_question_out_cosine,q2,0.9866038351637791
block_output,20,leave_one_question_out_cosine,q5,0.9818116791757497
block_output,20,leave_one_question_out_cosine,q51,0.9725398153678337
block_output,20,leave_one_question_out_cosine,q119,0.981734897164089
block_output,20,leave_one_question_out_cosine,q190,0.9887352360695412
block_output,20,split_half_question_cosine,q0|q5|q119_vs_q2|q51|q190,0.6911825629064138
